[
  {
    "cd": 4,
    "name": "アフガニスタン",
    "short_name": "アフガニスタン",
    "english_name": "Afghanistan",
    "group_name": "中東",
    "official_lang": null,
    "suzerain_state": null,
    "religion": null,
    "people": null,
    "capital": "カブール",
    "2letters": "AF",
    "3letters": "AFG",
    "region_cd": 1
  },
  {
    "cd": 8,
    "name": "アルバニア",
    "short_name": "アルバニア",
    "english_name": "Albania",
    "group_name": "東ヨーロッパ",
    "official_lang": null,
    "suzerain_state": null,
    "religion": null,
    "people": null,
    "capital": "ティラナ",
    "2letters": "AL",
    "3letters": "ALB",
    "region_cd": 2
  },
  {
    "cd": 10,
    "name": "南極",
    "short_name": "南極",
    "english_name": "Antarctica",
    "group_name": "南極",
    "official_lang": null,
    "suzerain_state": null,
    "religion": null,
    "people": null,
    "capital": null,
    "2letters": "AQ",
    "3letters": "ATA",
    "region_cd": 0
  },
  {
    "cd": 12,
    "name": "アルジェリア",
    "short_name": "アルジェリア",
    "english_name": "Algeria",
    "group_name": "北アフリカ",
    "official_lang": "アラビア語",
    "suzerain_state": "フランス",
    "religion": "イスラーム（スンニ派）",
    "people": null,
    "capital": "アルジェ",
    "2letters": "DZ",
    "3letters": "DZA",
    "region_cd": 3
  },
  {
    "cd": 16,
    "name": "アメリカ領サモア",
    "short_name": "アメリカ領サモア",
    "english_name": "American Samoa",
    "group_name": "オセアニア",
    "official_lang": null,
    "suzerain_state": null,
    "religion": null,
    "people": null,
    "capital": null,
    "2letters": "AS",
    "3letters": "ASM",
    "region_cd": 7
  },
  {
    "cd": 20,
    "name": "アンドラ",
    "short_name": "アンドラ",
    "english_name": "Andorra",
    "group_name": "西ヨーロッパ",
    "official_lang": null,
    "suzerain_state": null,
    "religion": null,
    "people": null,
    "capital": "アンドララベラ",
    "2letters": "AD",
    "3letters": "AND",
    "region_cd": 2
  },
  {
    "cd": 24,
    "name": "アンゴラ",
    "short_name": "アンゴラ",
    "english_name": "Angola",
    "group_name": "南アフリカ",
    "official_lang": null,
    "suzerain_state": null,
    "religion": null,
    "people": null,
    "capital": "ルアンダ",
    "2letters": "AO",
    "3letters": "AGO",
    "region_cd": 3
  },
  {
    "cd": 28,
    "name": "アンティグア・バーブーダ",
    "short_name": "アンティグア・バーブーダ",
    "english_name": "Antigua and Barbuda",
    "group_name": "中央アメリカ",
    "official_lang": null,
    "suzerain_state": null,
    "religion": null,
    "people": null,
    "capital": "セントジョンズ",
    "2letters": "AG",
    "3letters": "ATG",
    "region_cd": 5
  },
  {
    "cd": 31,
    "name": "アゼルバイジャン",
    "short_name": "アゼルバイジャン",
    "english_name": "Azerbaijan",
    "group_name": "東ヨーロッパ",
    "official_lang": "アゼルバイジャン語",
    "suzerain_state": null,
    "religion": "イスラーム（シーア派[６割]）",
    "people": null,
    "capital": "バクー",
    "2letters": "AZ",
    "3letters": "AZE",
    "region_cd": 1
  },
  {
    "cd": 32,
    "name": "アルゼンチン",
    "short_name": "アルゼンチン",
    "english_name": "Argentina",
    "group_name": "南アメリカ",
    "official_lang": "スペイン語",
    "suzerain_state": "スペイン",
    "religion": "キリスト教（カトリック）",
    "people": "白人",
    "capital": "ブエノスアイレス",
    "2letters": "AR",
    "3letters": "ARG",
    "region_cd": 6
  },
  {
    "cd": 36,
    "name": "オーストラリア",
    "short_name": "オーストラリア",
    "english_name": "Australia",
    "group_name": "オセアニア",
    "official_lang": "英語",
    "suzerain_state": "イギリス",
    "religion": "キリスト教",
    "people": "ヨーロッパ系",
    "capital": "キャンベラ",
    "2letters": "AU",
    "3letters": "AUS",
    "region_cd": 7
  },
  {
    "cd": 40,
    "name": "オーストリア",
    "short_name": "オーストリア",
    "english_name": "Austria",
    "group_name": "東ヨーロッパ",
    "official_lang": null,
    "suzerain_state": null,
    "religion": null,
    "people": null,
    "capital": "ウィーン",
    "2letters": "AT",
    "3letters": "AUT",
    "region_cd": 2
  },
  {
    "cd": 44,
    "name": "バハマ",
    "short_name": "バハマ",
    "english_name": "Bahamas",
    "group_name": "中央アメリカ",
    "official_lang": null,
    "suzerain_state": null,
    "religion": null,
    "people": null,
    "capital": "ナッソー",
    "2letters": "BS",
    "3letters": "BHS",
    "region_cd": 5
  },
  {
    "cd": 48,
    "name": "バーレーン",
    "short_name": "バーレーン",
    "english_name": "Bahrain",
    "group_name": "中東",
    "official_lang": null,
    "suzerain_state": null,
    "religion": null,
    "people": null,
    "capital": "マナーマ",
    "2letters": "BH",
    "3letters": "BHR",
    "region_cd": 1
  },
  {
    "cd": 50,
    "name": "バングラデシュ",
    "short_name": "バングラデシュ",
    "english_name": "Bangladesh",
    "group_name": "南アジア",
    "official_lang": "ベンガル語",
    "suzerain_state": "イギリス\r\n(パキスタンから分離)",
    "religion": "イスラーム",
    "people": null,
    "capital": "ダッカ",
    "2letters": "BD",
    "3letters": "BGD",
    "region_cd": 1
  },
  {
    "cd": 51,
    "name": "アルメニア",
    "short_name": "アルメニア",
    "english_name": "Armenia",
    "group_name": "東ヨーロッパ",
    "official_lang": null,
    "suzerain_state": null,
    "religion": null,
    "people": null,
    "capital": "エレバン",
    "2letters": "AM",
    "3letters": "ARM",
    "region_cd": 1
  },
  {
    "cd": 52,
    "name": "バルバドス",
    "short_name": "バルバドス",
    "english_name": "Barbados",
    "group_name": "中央アメリカ",
    "official_lang": null,
    "suzerain_state": null,
    "religion": null,
    "people": null,
    "capital": "ブリッジタウン",
    "2letters": "BB",
    "3letters": "BRB",
    "region_cd": 5
  },
  {
    "cd": 56,
    "name": "ベルギー",
    "short_name": "ベルギー",
    "english_name": "Belgium",
    "group_name": "西ヨーロッパ",
    "official_lang": "オランダ語・フランス語・ドイツ語",
    "suzerain_state": null,
    "religion": "キリスト教（カトリック）",
    "people": "ゲルマン系・ラテン系",
    "capital": "ブリュッセル",
    "2letters": "BE",
    "3letters": "BEL",
    "region_cd": 2
  },
  {
    "cd": 60,
    "name": "バミューダ",
    "short_name": "バミューダ",
    "english_name": "Bermuda",
    "group_name": "中央アメリカ",
    "official_lang": null,
    "suzerain_state": null,
    "religion": null,
    "people": null,
    "capital": null,
    "2letters": "BM",
    "3letters": "BMU",
    "region_cd": 5
  },
  {
    "cd": 64,
    "name": "ブータン",
    "short_name": "ブータン",
    "english_name": "Bhutan",
    "group_name": "南アジア",
    "official_lang": null,
    "suzerain_state": null,
    "religion": null,
    "people": null,
    "capital": "ティンプー",
    "2letters": "BT",
    "3letters": "BTN",
    "region_cd": 1
  },
  {
    "cd": 68,
    "name": "ボリビア多民族国",
    "short_name": "ボリビア",
    "english_name": "Bolivia (Plurinational State of)",
    "group_name": "南アメリカ",
    "official_lang": "スペイン語、先住民の諸言語（ケチュア語など）",
    "suzerain_state": "スペイン",
    "religion": "キリスト教（カトリック）",
    "people": "先住民、メスチーソ民系混血",
    "capital": "ラパス",
    "2letters": "BO",
    "3letters": "BOL",
    "region_cd": 6
  },
  {
    "cd": 70,
    "name": "ボスニア・ヘルツェゴビナ",
    "short_name": "ボスニア・ヘルツェゴビナ",
    "english_name": "Bosnia and Herzegovina",
    "group_name": "東ヨーロッパ",
    "official_lang": null,
    "suzerain_state": null,
    "religion": null,
    "people": null,
    "capital": "サラエボ",
    "2letters": "BA",
    "3letters": "BIH",
    "region_cd": 2
  },
  {
    "cd": 72,
    "name": "ボツワナ",
    "short_name": "ボツワナ",
    "english_name": "Botswana",
    "group_name": "南アフリカ",
    "official_lang": null,
    "suzerain_state": null,
    "religion": null,
    "people": null,
    "capital": "ハボローネ",
    "2letters": "BW",
    "3letters": "BWA",
    "region_cd": 3
  },
  {
    "cd": 74,
    "name": "ブーベ島",
    "short_name": "ブーベ島",
    "english_name": "Bouvet Island",
    "group_name": "南極",
    "official_lang": null,
    "suzerain_state": null,
    "religion": null,
    "people": null,
    "capital": null,
    "2letters": "BV",
    "3letters": "BVT",
    "region_cd": 0
  },
  {
    "cd": 76,
    "name": "ブラジル",
    "short_name": "ブラジル",
    "english_name": "Brazil",
    "group_name": "南アメリカ",
    "official_lang": "ポルトガル語",
    "suzerain_state": "ポルトガル",
    "religion": "キリスト教（カトリック）",
    "people": "白人、ムラート",
    "capital": "ブラジリア",
    "2letters": "BR",
    "3letters": "BRA",
    "region_cd": 6
  },
  {
    "cd": 84,
    "name": "ベリーズ",
    "short_name": "ベリーズ",
    "english_name": "Belize",
    "group_name": "中央アメリカ",
    "official_lang": null,
    "suzerain_state": null,
    "religion": null,
    "people": null,
    "capital": "ベルモパン",
    "2letters": "BZ",
    "3letters": "BLZ",
    "region_cd": 5
  },
  {
    "cd": 86,
    "name": "イギリス領インド洋地域",
    "short_name": "イギリス領インド洋地域",
    "english_name": "British Indian Ocean Territory",
    "group_name": "インド洋地域",
    "official_lang": null,
    "suzerain_state": null,
    "religion": null,
    "people": null,
    "capital": null,
    "2letters": "IO",
    "3letters": "IOT",
    "region_cd": 1
  },
  {
    "cd": 90,
    "name": "ソロモン諸島",
    "short_name": "ソロモン諸島",
    "english_name": "Solomon Islands",
    "group_name": "オセアニア",
    "official_lang": null,
    "suzerain_state": null,
    "religion": null,
    "people": null,
    "capital": "ホニアラ",
    "2letters": "SB",
    "3letters": "SLB",
    "region_cd": 7
  },
  {
    "cd": 92,
    "name": "イギリス領ヴァージン諸島",
    "short_name": "イギリス領ヴァージン諸島",
    "english_name": "Virgin Islands (British)",
    "group_name": "中央アメリカ",
    "official_lang": null,
    "suzerain_state": null,
    "religion": null,
    "people": null,
    "capital": null,
    "2letters": "VG",
    "3letters": "VGB",
    "region_cd": 5
  },
  {
    "cd": 96,
    "name": "ブルネイ・ダルサラーム",
    "short_name": "ブルネイ",
    "english_name": "Brunei Darussalam",
    "group_name": "東南アジア",
    "official_lang": null,
    "suzerain_state": null,
    "religion": null,
    "people": null,
    "capital": "バンダルスリブガワン",
    "2letters": "BN",
    "3letters": "BRN",
    "region_cd": 1
  },
  {
    "cd": 100,
    "name": "ブルガリア",
    "short_name": "ブルガリア",
    "english_name": "Bulgaria",
    "group_name": "東ヨーロッパ",
    "official_lang": null,
    "suzerain_state": null,
    "religion": null,
    "people": null,
    "capital": "ソフィア",
    "2letters": "BG",
    "3letters": "BGR",
    "region_cd": 2
  },
  {
    "cd": 104,
    "name": "ミャンマー",
    "short_name": "ミャンマー",
    "english_name": "Myanmar",
    "group_name": "東南アジア",
    "official_lang": null,
    "suzerain_state": null,
    "religion": null,
    "people": null,
    "capital": "ネーピードー",
    "2letters": "MM",
    "3letters": "MMR",
    "region_cd": 1
  },
  {
    "cd": 108,
    "name": "ブルンジ",
    "short_name": "ブルンジ",
    "english_name": "Burundi",
    "group_name": "中央アフリカ",
    "official_lang": null,
    "suzerain_state": null,
    "religion": null,
    "people": null,
    "capital": "ブシュンブラ",
    "2letters": "BI",
    "3letters": "BDI",
    "region_cd": 3
  },
  {
    "cd": 112,
    "name": "ベラルーシ",
    "short_name": "ベラルーシ",
    "english_name": "Belarus",
    "group_name": "東ヨーロッパ",
    "official_lang": null,
    "suzerain_state": null,
    "religion": null,
    "people": null,
    "capital": "ミンスク",
    "2letters": "BY",
    "3letters": "BLR",
    "region_cd": 2
  },
  {
    "cd": 116,
    "name": "カンボジア",
    "short_name": "カンボジア",
    "english_name": "Cambodia",
    "group_name": "東南アジア",
    "official_lang": null,
    "suzerain_state": null,
    "religion": null,
    "people": null,
    "capital": "プノンペン",
    "2letters": "KH",
    "3letters": "KHM",
    "region_cd": 1
  },
  {
    "cd": 120,
    "name": "カメルーン",
    "short_name": "カメルーン",
    "english_name": "Cameroon",
    "group_name": "中央アフリカ",
    "official_lang": null,
    "suzerain_state": null,
    "religion": null,
    "people": null,
    "capital": "ヤウンデ",
    "2letters": "CM",
    "3letters": "CMR",
    "region_cd": 3
  },
  {
    "cd": 124,
    "name": "カナダ",
    "short_name": "カナダ",
    "english_name": "Canada",
    "group_name": "北アメリカ",
    "official_lang": "英語、フランス語",
    "suzerain_state": "キリスト教",
    "religion": null,
    "people": null,
    "capital": "オタワ",
    "2letters": "CA",
    "3letters": "CAN",
    "region_cd": 4
  },
  {
    "cd": 132,
    "name": "カーボベルデ",
    "short_name": "カーボベルデ",
    "english_name": "Cabo Verde",
    "group_name": "西アフリカ",
    "official_lang": null,
    "suzerain_state": null,
    "religion": null,
    "people": null,
    "capital": "プライア",
    "2letters": "CV",
    "3letters": "CPV",
    "region_cd": 3
  },
  {
    "cd": 136,
    "name": "ケイマン諸島",
    "short_name": "ケイマン諸島",
    "english_name": "Cayman Islands",
    "group_name": "中央アメリカ",
    "official_lang": null,
    "suzerain_state": null,
    "religion": null,
    "people": null,
    "capital": null,
    "2letters": "KY",
    "3letters": "CYM",
    "region_cd": 5
  },
  {
    "cd": 140,
    "name": "中央アフリカ共和国",
    "short_name": "中央アフリカ",
    "english_name": "Central African Republic",
    "group_name": "中央アフリカ",
    "official_lang": null,
    "suzerain_state": null,
    "religion": null,
    "people": null,
    "capital": "バンギ",
    "2letters": "CF",
    "3letters": "CAF",
    "region_cd": 3
  },
  {
    "cd": 144,
    "name": "スリランカ",
    "short_name": "スリランカ",
    "english_name": "Sri Lanka",
    "group_name": "南アジア",
    "official_lang": "シンハラ語・タミル語",
    "suzerain_state": "イギリス",
    "religion": "仏教・ヒンドゥー教",
    "people": null,
    "capital": "スリジャヤワルダナプラコッテ",
    "2letters": "LK",
    "3letters": "LKA",
    "region_cd": 1
  },
  {
    "cd": 148,
    "name": "チャド",
    "short_name": "チャド",
    "english_name": "Chad",
    "group_name": "中央アフリカ",
    "official_lang": null,
    "suzerain_state": null,
    "religion": null,
    "people": null,
    "capital": "ウンジャメナ",
    "2letters": "TD",
    "3letters": "TCD",
    "region_cd": 3
  },
  {
    "cd": 152,
    "name": "チリ",
    "short_name": "チリ",
    "english_name": "Chile",
    "group_name": "南アメリカ",
    "official_lang": "スペイン語",
    "suzerain_state": "スペイン",
    "religion": "キリスト教（カトリック）",
    "people": "メスチーソ",
    "capital": "サンティアゴ",
    "2letters": "CL",
    "3letters": "CHL",
    "region_cd": 6
  },
  {
    "cd": 156,
    "name": "中華人民共和国",
    "short_name": "中国",
    "english_name": "China",
    "group_name": "東アジア",
    "official_lang": null,
    "suzerain_state": null,
    "religion": null,
    "people": null,
    "capital": "北京（ペキン）",
    "2letters": "CN",
    "3letters": "CHN",
    "region_cd": 1
  },
  {
    "cd": 158,
    "name": "中国台湾省（中華民国）",
    "short_name": "台湾",
    "english_name": "Taiwan, Province of China",
    "group_name": "東アジア",
    "official_lang": null,
    "suzerain_state": null,
    "religion": null,
    "people": null,
    "capital": "台北（タイペイ）",
    "2letters": "TW",
    "3letters": "TWN",
    "region_cd": 1
  },
  {
    "cd": 162,
    "name": "クリスマス島",
    "short_name": "クリスマス島",
    "english_name": "Christmas Island",
    "group_name": "オセアニア",
    "official_lang": null,
    "suzerain_state": null,
    "religion": null,
    "people": null,
    "capital": null,
    "2letters": "CX",
    "3letters": "CXR",
    "region_cd": 1
  },
  {
    "cd": 166,
    "name": "ココス（キーリング）諸島",
    "short_name": "ココス（キーリング）諸島",
    "english_name": "Cocos (Keeling) Islands",
    "group_name": "インド洋地域",
    "official_lang": null,
    "suzerain_state": null,
    "religion": null,
    "people": null,
    "capital": null,
    "2letters": "CC",
    "3letters": "CCK",
    "region_cd": 1
  },
  {
    "cd": 170,
    "name": "コロンビア",
    "short_name": "コロンビア",
    "english_name": "Colombia",
    "group_name": "南アメリカ",
    "official_lang": null,
    "suzerain_state": null,
    "religion": null,
    "people": null,
    "capital": "ボゴタ",
    "2letters": "CO",
    "3letters": "COL",
    "region_cd": 6
  },
  {
    "cd": 174,
    "name": "コモロ",
    "short_name": "コモロ",
    "english_name": "Comoros",
    "group_name": "インド洋地域",
    "official_lang": null,
    "suzerain_state": null,
    "religion": null,
    "people": null,
    "capital": "モロニ",
    "2letters": "KM",
    "3letters": "COM",
    "region_cd": 3
  },
  {
    "cd": 175,
    "name": "マヨット",
    "short_name": "マヨット",
    "english_name": "Mayotte",
    "group_name": "インド洋地域",
    "official_lang": null,
    "suzerain_state": null,
    "religion": null,
    "people": null,
    "capital": null,
    "2letters": "YT",
    "3letters": "MYT",
    "region_cd": 3
  },
  {
    "cd": 178,
    "name": "コンゴ共和国",
    "short_name": "コンゴ共和国",
    "english_name": "Congo",
    "group_name": "中央アフリカ",
    "official_lang": null,
    "suzerain_state": null,
    "religion": null,
    "people": null,
    "capital": "ブラザビル",
    "2letters": "CG",
    "3letters": "COG",
    "region_cd": 3
  },
  {
    "cd": 180,
    "name": "コンゴ民主共和国",
    "short_name": "コンゴ民主共和国",
    "english_name": "Congo, Democratic Republic of the",
    "group_name": "中央アフリカ",
    "official_lang": "フランス語",
    "suzerain_state": "ベルギー",
    "religion": null,
    "people": null,
    "capital": "キンシャサ",
    "2letters": "CD",
    "3letters": "COD",
    "region_cd": 3
  },
  {
    "cd": 184,
    "name": "クック諸島",
    "short_name": "クック諸島",
    "english_name": "Cook Islands",
    "group_name": "オセアニア",
    "official_lang": null,
    "suzerain_state": null,
    "religion": null,
    "people": null,
    "capital": "アバルア",
    "2letters": "CK",
    "3letters": "COK",
    "region_cd": 7
  },
  {
    "cd": 188,
    "name": "コスタリカ",
    "short_name": "コスタリカ",
    "english_name": "Costa Rica",
    "group_name": "中央アメリカ",
    "official_lang": null,
    "suzerain_state": null,
    "religion": null,
    "people": null,
    "capital": "サンホセ",
    "2letters": "CR",
    "3letters": "CRI",
    "region_cd": 5
  },
  {
    "cd": 191,
    "name": "クロアチア",
    "short_name": "クロアチア",
    "english_name": "Croatia",
    "group_name": "東ヨーロッパ",
    "official_lang": null,
    "suzerain_state": null,
    "religion": null,
    "people": null,
    "capital": "ザグレブ",
    "2letters": "HR",
    "3letters": "HRV",
    "region_cd": 2
  },
  {
    "cd": 192,
    "name": "キューバ",
    "short_name": "キューバ",
    "english_name": "Cuba",
    "group_name": "中央アメリカ",
    "official_lang": null,
    "suzerain_state": null,
    "religion": null,
    "people": null,
    "capital": "ハバナ",
    "2letters": "CU",
    "3letters": "CUB",
    "region_cd": 5
  },
  {
    "cd": 196,
    "name": "キプロス",
    "short_name": "キプロス",
    "english_name": "Cyprus",
    "group_name": "地中海地域",
    "official_lang": null,
    "suzerain_state": null,
    "religion": null,
    "people": null,
    "capital": "ニコシア",
    "2letters": "CY",
    "3letters": "CYP",
    "region_cd": 1
  },
  {
    "cd": 203,
    "name": "チェコ",
    "short_name": "チェコ",
    "english_name": "Czechia",
    "group_name": "東ヨーロッパ",
    "official_lang": "チェコ語",
    "suzerain_state": null,
    "religion": "キリスト教（カトリック）",
    "people": "スラブ系",
    "capital": "プラハ",
    "2letters": "CZ",
    "3letters": "CZE",
    "region_cd": 2
  },
  {
    "cd": 204,
    "name": "ベナン",
    "short_name": "ベナン",
    "english_name": "Benin",
    "group_name": "西アフリカ",
    "official_lang": null,
    "suzerain_state": null,
    "religion": null,
    "people": null,
    "capital": "ポルトノボ",
    "2letters": "BJ",
    "3letters": "BEN",
    "region_cd": 3
  },
  {
    "cd": 208,
    "name": "デンマーク",
    "short_name": "デンマーク",
    "english_name": "Denmark",
    "group_name": "北ヨーロッパ",
    "official_lang": "デンマーク語",
    "suzerain_state": null,
    "religion": "キリスト教（プロテスタント）",
    "people": "ゲルマン系",
    "capital": "コペンハーゲン",
    "2letters": "DK",
    "3letters": "DNK",
    "region_cd": 2
  },
  {
    "cd": 212,
    "name": "ドミニカ国",
    "short_name": "ドミニカ国",
    "english_name": "Dominica",
    "group_name": "中央アメリカ",
    "official_lang": null,
    "suzerain_state": null,
    "religion": null,
    "people": null,
    "capital": "ロゾー",
    "2letters": "DM",
    "3letters": "DMA",
    "region_cd": 5
  },
  {
    "cd": 214,
    "name": "ドミニカ共和国",
    "short_name": "ドミニカ共和国",
    "english_name": "Dominican Republic",
    "group_name": "中央アメリカ",
    "official_lang": null,
    "suzerain_state": null,
    "religion": null,
    "people": null,
    "capital": "サントドミンゴ",
    "2letters": "DO",
    "3letters": "DOM",
    "region_cd": 5
  },
  {
    "cd": 218,
    "name": "エクアドル",
    "short_name": "エクアドル",
    "english_name": "Ecuador",
    "group_name": "南アメリカ",
    "official_lang": "スペイン語",
    "suzerain_state": "スペイン",
    "religion": "キリスト教（カトリック）",
    "people": "メスチーソ、先住民",
    "capital": "キト",
    "2letters": "EC",
    "3letters": "ECU",
    "region_cd": 6
  },
  {
    "cd": 222,
    "name": "エルサルバドル",
    "short_name": "エルサルバドル",
    "english_name": "El Salvador",
    "group_name": "中央アメリカ",
    "official_lang": null,
    "suzerain_state": null,
    "religion": null,
    "people": null,
    "capital": "サンサルバドル",
    "2letters": "SV",
    "3letters": "SLV",
    "region_cd": 5
  },
  {
    "cd": 226,
    "name": "赤道ギニア",
    "short_name": "赤道ギニア",
    "english_name": "Equatorial Guinea",
    "group_name": "中央アフリカ",
    "official_lang": null,
    "suzerain_state": null,
    "religion": null,
    "people": null,
    "capital": "マラボ",
    "2letters": "GQ",
    "3letters": "GNQ",
    "region_cd": 3
  },
  {
    "cd": 231,
    "name": "エチオピア",
    "short_name": "エチオピア",
    "english_name": "Ethiopia",
    "group_name": "東アフリカ",
    "official_lang": "アムハラ語",
    "suzerain_state": "（なし）",
    "religion": "キリスト教コプト派",
    "people": null,
    "capital": "アディスアベバ",
    "2letters": "ET",
    "3letters": "ETH",
    "region_cd": 3
  },
  {
    "cd": 232,
    "name": "エリトリア",
    "short_name": "エリトリア",
    "english_name": "Eritrea",
    "group_name": "東アフリカ",
    "official_lang": null,
    "suzerain_state": null,
    "religion": null,
    "people": null,
    "capital": "アスマラ",
    "2letters": "ER",
    "3letters": "ERI",
    "region_cd": 3
  },
  {
    "cd": 233,
    "name": "エストニア",
    "short_name": "エストニア",
    "english_name": "Estonia",
    "group_name": "東ヨーロッパ",
    "official_lang": null,
    "suzerain_state": null,
    "religion": null,
    "people": null,
    "capital": "タリン",
    "2letters": "EE",
    "3letters": "EST",
    "region_cd": 2
  },
  {
    "cd": 234,
    "name": "フェロー諸島",
    "short_name": "フェロー諸島",
    "english_name": "Faroe Islands",
    "group_name": "北ヨーロッパ",
    "official_lang": null,
    "suzerain_state": null,
    "religion": null,
    "people": null,
    "capital": null,
    "2letters": "FO",
    "3letters": "FRO",
    "region_cd": 2
  },
  {
    "cd": 238,
    "name": "フォークランド（マルビナス）諸島",
    "short_name": "フォークランド（マルビナス）諸島",
    "english_name": "Falkland Islands (Malvinas)",
    "group_name": "南アメリカ",
    "official_lang": null,
    "suzerain_state": null,
    "religion": null,
    "people": null,
    "capital": null,
    "2letters": "FK",
    "3letters": "FLK",
    "region_cd": 6
  },
  {
    "cd": 239,
    "name": "サウスジョージア・\r\nサウスサンドウィッチ諸島",
    "short_name": "サウスジョージア・\r\nサウスサンドウィッ",
    "english_name": "South Georgia and the South Sandwich Islands",
    "group_name": "南アメリカ",
    "official_lang": null,
    "suzerain_state": null,
    "religion": null,
    "people": null,
    "capital": null,
    "2letters": "GS",
    "3letters": "SGS",
    "region_cd": 6
  },
  {
    "cd": 242,
    "name": "フィジー",
    "short_name": "フィジー",
    "english_name": "Fiji",
    "group_name": "オセアニア",
    "official_lang": null,
    "suzerain_state": null,
    "religion": null,
    "people": null,
    "capital": "スバ",
    "2letters": "FJ",
    "3letters": "FJI",
    "region_cd": 7
  },
  {
    "cd": 246,
    "name": "フィンランド",
    "short_name": "フィンランド",
    "english_name": "Finland",
    "group_name": "北ヨーロッパ",
    "official_lang": "フィンランド語",
    "suzerain_state": null,
    "religion": "キリスト教（プロテスタント）",
    "people": "ウラル系",
    "capital": "ヘルシンキ",
    "2letters": "FI",
    "3letters": "FIN",
    "region_cd": 2
  },
  {
    "cd": 248,
    "name": "オーランド諸島",
    "short_name": "オーランド諸島",
    "english_name": "Åland Islands",
    "group_name": "北ヨーロッパ",
    "official_lang": null,
    "suzerain_state": null,
    "religion": null,
    "people": null,
    "capital": null,
    "2letters": "AX",
    "3letters": "ALA",
    "region_cd": 2
  },
  {
    "cd": 250,
    "name": "フランス",
    "short_name": "フランス",
    "english_name": "France",
    "group_name": "西ヨーロッパ",
    "official_lang": "フランス語",
    "suzerain_state": null,
    "religion": "キリスト教（カトリック）",
    "people": "ラテン系",
    "capital": "パリ",
    "2letters": "FR",
    "3letters": "FRA",
    "region_cd": 2
  },
  {
    "cd": 254,
    "name": "フランス領ギアナ",
    "short_name": "フランス領ギアナ",
    "english_name": "French Guiana",
    "group_name": "南アメリカ",
    "official_lang": null,
    "suzerain_state": null,
    "religion": null,
    "people": null,
    "capital": null,
    "2letters": "GF",
    "3letters": "GUF",
    "region_cd": 6
  },
  {
    "cd": 258,
    "name": "フランス領ポリネシア",
    "short_name": "フランス領ポリネシア",
    "english_name": "French Polynesia",
    "group_name": "オセアニア",
    "official_lang": null,
    "suzerain_state": null,
    "religion": null,
    "people": null,
    "capital": null,
    "2letters": "PF",
    "3letters": "PYF",
    "region_cd": 7
  },
  {
    "cd": 260,
    "name": "フランス領南方・南極地域",
    "short_name": "フランス領南方・南極地域",
    "english_name": "French Southern Territories",
    "group_name": "インド洋地域",
    "official_lang": null,
    "suzerain_state": null,
    "religion": null,
    "people": null,
    "capital": null,
    "2letters": "TF",
    "3letters": "ATF",
    "region_cd": 0
  },
  {
    "cd": 262,
    "name": "ジブチ",
    "short_name": "ジブチ",
    "english_name": "Djibouti",
    "group_name": "東アフリカ",
    "official_lang": null,
    "suzerain_state": null,
    "religion": null,
    "people": null,
    "capital": "ジブチ",
    "2letters": "DJ",
    "3letters": "DJI",
    "region_cd": 3
  },
  {
    "cd": 266,
    "name": "ガボン",
    "short_name": "ガボン",
    "english_name": "Gabon",
    "group_name": "中央アフリカ",
    "official_lang": null,
    "suzerain_state": null,
    "religion": null,
    "people": null,
    "capital": "リーブルビル",
    "2letters": "GA",
    "3letters": "GAB",
    "region_cd": 3
  },
  {
    "cd": 268,
    "name": "ジョージア",
    "short_name": "ジョージア",
    "english_name": "Georgia",
    "group_name": "東ヨーロッパ",
    "official_lang": null,
    "suzerain_state": null,
    "religion": null,
    "people": null,
    "capital": "トビリシ",
    "2letters": "GE",
    "3letters": "GEO",
    "region_cd": 1
  },
  {
    "cd": 270,
    "name": "ガンビア",
    "short_name": "ガンビア",
    "english_name": "Gambia",
    "group_name": "西アフリカ",
    "official_lang": null,
    "suzerain_state": null,
    "religion": null,
    "people": null,
    "capital": "バンジュール",
    "2letters": "GM",
    "3letters": "GMB",
    "region_cd": 3
  },
  {
    "cd": 271,
    "name": "英領チャネル諸島",
    "short_name": "チャネル諸島",
    "english_name": "Channel Islands",
    "group_name": null,
    "official_lang": null,
    "suzerain_state": null,
    "religion": null,
    "people": null,
    "capital": null,
    "2letters": null,
    "3letters": "CHI",
    "region_cd": 2
  },
  {
    "cd": 275,
    "name": "パレスチナ",
    "short_name": "パレスチナ",
    "english_name": "Palestine, State of",
    "group_name": "中東",
    "official_lang": null,
    "suzerain_state": null,
    "religion": null,
    "people": null,
    "capital": null,
    "2letters": "PS",
    "3letters": "PSE",
    "region_cd": 1
  },
  {
    "cd": 276,
    "name": "ドイツ",
    "short_name": "ドイツ",
    "english_name": "Germany",
    "group_name": "西ヨーロッパ",
    "official_lang": "ドイツ語",
    "suzerain_state": null,
    "religion": "キリスト教（プロテスタント）",
    "people": "ゲルマン系",
    "capital": "ベルリン",
    "2letters": "DE",
    "3letters": "DEU",
    "region_cd": 2
  },
  {
    "cd": 288,
    "name": "ガーナ",
    "short_name": "ガーナ",
    "english_name": "Ghana",
    "group_name": "西アフリカ",
    "official_lang": "英語",
    "suzerain_state": "イギリス",
    "religion": null,
    "people": null,
    "capital": "アクラ",
    "2letters": "GH",
    "3letters": "GHA",
    "region_cd": 3
  },
  {
    "cd": 292,
    "name": "ジブラルタル",
    "short_name": "ジブラルタル",
    "english_name": "Gibraltar",
    "group_name": "西ヨーロッパ",
    "official_lang": null,
    "suzerain_state": null,
    "religion": null,
    "people": null,
    "capital": null,
    "2letters": "GI",
    "3letters": "GIB",
    "region_cd": 2
  },
  {
    "cd": 296,
    "name": "キリバス",
    "short_name": "キリバス",
    "english_name": "Kiribati",
    "group_name": "オセアニア",
    "official_lang": null,
    "suzerain_state": null,
    "religion": null,
    "people": null,
    "capital": "タラワ",
    "2letters": "KI",
    "3letters": "KIR",
    "region_cd": 7
  },
  {
    "cd": 300,
    "name": "ギリシャ",
    "short_name": "ギリシャ",
    "english_name": "Greece",
    "group_name": "西ヨーロッパ",
    "official_lang": null,
    "suzerain_state": null,
    "religion": null,
    "people": null,
    "capital": "アテネ",
    "2letters": "GR",
    "3letters": "GRC",
    "region_cd": 2
  },
  {
    "cd": 304,
    "name": "グリーンランド",
    "short_name": "グリーンランド",
    "english_name": "Greenland",
    "group_name": "北ヨーロッパ",
    "official_lang": null,
    "suzerain_state": null,
    "religion": null,
    "people": null,
    "capital": null,
    "2letters": "GL",
    "3letters": "GRL",
    "region_cd": 4
  },
  {
    "cd": 308,
    "name": "グレナダ",
    "short_name": "グレナダ",
    "english_name": "Grenada",
    "group_name": "中央アメリカ",
    "official_lang": null,
    "suzerain_state": null,
    "religion": null,
    "people": null,
    "capital": "セントジョージズ",
    "2letters": "GD",
    "3letters": "GRD",
    "region_cd": 5
  },
  {
    "cd": 312,
    "name": "グアドループ",
    "short_name": "グアドループ",
    "english_name": "Guadeloupe",
    "group_name": "中央アメリカ",
    "official_lang": null,
    "suzerain_state": null,
    "religion": null,
    "people": null,
    "capital": null,
    "2letters": "GP",
    "3letters": "GLP",
    "region_cd": 5
  },
  {
    "cd": 316,
    "name": "グアム",
    "short_name": "グアム",
    "english_name": "Guam",
    "group_name": "オセアニア",
    "official_lang": null,
    "suzerain_state": null,
    "religion": null,
    "people": null,
    "capital": null,
    "2letters": "GU",
    "3letters": "GUM",
    "region_cd": 7
  },
  {
    "cd": 320,
    "name": "グアテマラ",
    "short_name": "グアテマラ",
    "english_name": "Guatemala",
    "group_name": "中央アメリカ",
    "official_lang": null,
    "suzerain_state": null,
    "religion": null,
    "people": null,
    "capital": "グアテマラシティ",
    "2letters": "GT",
    "3letters": "GTM",
    "region_cd": 5
  },
  {
    "cd": 324,
    "name": "ギニア",
    "short_name": "ギニア",
    "english_name": "Guinea",
    "group_name": "西アフリカ",
    "official_lang": null,
    "suzerain_state": null,
    "religion": null,
    "people": null,
    "capital": "コナクリ",
    "2letters": "GN",
    "3letters": "GIN",
    "region_cd": 3
  },
  {
    "cd": 328,
    "name": "ガイアナ",
    "short_name": "ガイアナ",
    "english_name": "Guyana",
    "group_name": "南アメリカ",
    "official_lang": null,
    "suzerain_state": null,
    "religion": null,
    "people": null,
    "capital": "ジョージタウン",
    "2letters": "GY",
    "3letters": "GUY",
    "region_cd": 6
  },
  {
    "cd": 332,
    "name": "ハイチ",
    "short_name": "ハイチ",
    "english_name": "Haiti",
    "group_name": "中央アメリカ",
    "official_lang": null,
    "suzerain_state": null,
    "religion": null,
    "people": null,
    "capital": "ポルトープランス",
    "2letters": "HT",
    "3letters": "HTI",
    "region_cd": 5
  },
  {
    "cd": 334,
    "name": "ハード島とマクドナルド諸島",
    "short_name": "ハード島とマクドナルド諸島",
    "english_name": "Heard Island and McDonald Islands",
    "group_name": "インド洋地域",
    "official_lang": null,
    "suzerain_state": null,
    "religion": null,
    "people": null,
    "capital": null,
    "2letters": "HM",
    "3letters": "HMD",
    "region_cd": 1
  },
  {
    "cd": 336,
    "name": "バチカン市国",
    "short_name": "バチカン",
    "english_name": "Holy See",
    "group_name": "西ヨーロッパ",
    "official_lang": null,
    "suzerain_state": null,
    "religion": null,
    "people": null,
    "capital": "バチカン",
    "2letters": "VA",
    "3letters": "VAT",
    "region_cd": 2
  },
  {
    "cd": 340,
    "name": "ホンジュラス",
    "short_name": "ホンジュラス",
    "english_name": "Honduras",
    "group_name": "中央アメリカ",
    "official_lang": null,
    "suzerain_state": null,
    "religion": null,
    "people": null,
    "capital": "テグシガルパ",
    "2letters": "HN",
    "3letters": "HND",
    "region_cd": 5
  },
  {
    "cd": 344,
    "name": "香港",
    "short_name": "香港",
    "english_name": "Hong Kong",
    "group_name": "東アジア",
    "official_lang": null,
    "suzerain_state": null,
    "religion": null,
    "people": null,
    "capital": null,
    "2letters": "HK",
    "3letters": "HKG",
    "region_cd": 1
  },
  {
    "cd": 348,
    "name": "ハンガリー",
    "short_name": "ハンガリー",
    "english_name": "Hungary",
    "group_name": "東ヨーロッパ",
    "official_lang": "ハンガリー語",
    "suzerain_state": null,
    "religion": "キリスト教（カトリック）",
    "people": "ウラル系",
    "capital": "ブダペスト",
    "2letters": "HU",
    "3letters": "HUN",
    "region_cd": 2
  },
  {
    "cd": 352,
    "name": "アイスランド",
    "short_name": "アイスランド",
    "english_name": "Iceland",
    "group_name": "北ヨーロッパ",
    "official_lang": null,
    "suzerain_state": null,
    "religion": null,
    "people": null,
    "capital": "レイキャビク",
    "2letters": "IS",
    "3letters": "ISL",
    "region_cd": 2
  },
  {
    "cd": 356,
    "name": "インド",
    "short_name": "インド",
    "english_name": "India",
    "group_name": "南アジア",
    "official_lang": "ヒンディー語(北部や中部で多く、インド＝ヨーロッパ語族)、英語、ほか22の指定言語",
    "suzerain_state": "イギリス",
    "religion": "ヒンドゥー教",
    "people": null,
    "capital": "デリー",
    "2letters": "IN",
    "3letters": "IND",
    "region_cd": 1
  },
  {
    "cd": 360,
    "name": "インドネシア",
    "short_name": "インドネシア",
    "english_name": "Indonesia",
    "group_name": "東南アジア",
    "official_lang": "インドネシア語",
    "suzerain_state": "オランダ",
    "religion": "イスラーム",
    "people": null,
    "capital": "ジャカルタ",
    "2letters": "ID",
    "3letters": "IDN",
    "region_cd": 1
  },
  {
    "cd": 364,
    "name": "イラン・イスラム共和国",
    "short_name": "イラン",
    "english_name": "Iran (Islamic Republic of)",
    "group_name": "中東",
    "official_lang": "ペルシャ語",
    "suzerain_state": null,
    "religion": "イスラーム（シーア派）",
    "people": null,
    "capital": "テヘラン",
    "2letters": "IR",
    "3letters": "IRN",
    "region_cd": 1
  },
  {
    "cd": 368,
    "name": "イラク",
    "short_name": "イラク",
    "english_name": "Iraq",
    "group_name": "中東",
    "official_lang": null,
    "suzerain_state": null,
    "religion": null,
    "people": null,
    "capital": "バグダッド",
    "2letters": "IQ",
    "3letters": "IRQ",
    "region_cd": 1
  },
  {
    "cd": 372,
    "name": "アイルランド",
    "short_name": "アイルランド",
    "english_name": "Ireland",
    "group_name": "西ヨーロッパ",
    "official_lang": "アイルランド語・英語",
    "suzerain_state": null,
    "religion": "キリスト教（カトリック）",
    "people": "ケルト系",
    "capital": "ダブリン",
    "2letters": "IE",
    "3letters": "IRL",
    "region_cd": 2
  },
  {
    "cd": 376,
    "name": "イスラエル",
    "short_name": "イスラエル",
    "english_name": "Israel",
    "group_name": "中東",
    "official_lang": "ヘブライ語",
    "suzerain_state": null,
    "religion": "ユダヤ教",
    "people": null,
    "capital": "エルサレム",
    "2letters": "IL",
    "3letters": "ISR",
    "region_cd": 1
  },
  {
    "cd": 380,
    "name": "イタリア",
    "short_name": "イタリア",
    "english_name": "Italy",
    "group_name": "西ヨーロッパ",
    "official_lang": "イタリア語",
    "suzerain_state": null,
    "religion": "キリスト教（カトリック）",
    "people": "ラテン系",
    "capital": "ローマ",
    "2letters": "IT",
    "3letters": "ITA",
    "region_cd": 2
  },
  {
    "cd": 384,
    "name": "コートジボワール",
    "short_name": "コートジボワール",
    "english_name": "Côte d'Ivoire",
    "group_name": "西アフリカ",
    "official_lang": "フランス語",
    "suzerain_state": "フランス",
    "religion": null,
    "people": null,
    "capital": "ヤムスクロ",
    "2letters": "CI",
    "3letters": "CIV",
    "region_cd": 3
  },
  {
    "cd": 388,
    "name": "ジャマイカ",
    "short_name": "ジャマイカ",
    "english_name": "Jamaica",
    "group_name": "中央アメリカ",
    "official_lang": null,
    "suzerain_state": null,
    "religion": null,
    "people": null,
    "capital": "キングストン",
    "2letters": "JM",
    "3letters": "JAM",
    "region_cd": 5
  },
  {
    "cd": 392,
    "name": "日本",
    "short_name": "日本",
    "english_name": "Japan",
    "group_name": "東アジア",
    "official_lang": "日本語",
    "suzerain_state": null,
    "religion": null,
    "people": null,
    "capital": "東京",
    "2letters": "JP",
    "3letters": "JPN",
    "region_cd": 1
  },
  {
    "cd": 398,
    "name": "カザフスタン",
    "short_name": "カザフスタン",
    "english_name": "Kazakhstan",
    "group_name": "中央アジア",
    "official_lang": null,
    "suzerain_state": null,
    "religion": null,
    "people": null,
    "capital": "ヌルスルタン",
    "2letters": "KZ",
    "3letters": "KAZ",
    "region_cd": 1
  },
  {
    "cd": 400,
    "name": "ヨルダン",
    "short_name": "ヨルダン",
    "english_name": "Jordan",
    "group_name": "中東",
    "official_lang": null,
    "suzerain_state": null,
    "religion": null,
    "people": null,
    "capital": "アンマン",
    "2letters": "JO",
    "3letters": "JOR",
    "region_cd": 1
  },
  {
    "cd": 404,
    "name": "ケニア",
    "short_name": "ケニア",
    "english_name": "Kenya",
    "group_name": "東アフリカ",
    "official_lang": "スワヒリ語・英語",
    "suzerain_state": "イギリス",
    "religion": "キリスト教",
    "people": null,
    "capital": "ナイロビ",
    "2letters": "KE",
    "3letters": "KEN",
    "region_cd": 3
  },
  {
    "cd": 408,
    "name": "朝鮮民主主義人民共和国",
    "short_name": "北朝鮮",
    "english_name": "Korea (Democratic People's Republic of)",
    "group_name": "東アジア",
    "official_lang": null,
    "suzerain_state": null,
    "religion": null,
    "people": null,
    "capital": "ピョンヤン",
    "2letters": "KP",
    "3letters": "PRK",
    "region_cd": 1
  },
  {
    "cd": 410,
    "name": "大韓民国",
    "short_name": "韓国",
    "english_name": "Korea, Republic of",
    "group_name": "東アジア",
    "official_lang": null,
    "suzerain_state": null,
    "religion": null,
    "people": null,
    "capital": "ソウル",
    "2letters": "KR",
    "3letters": "KOR",
    "region_cd": 1
  },
  {
    "cd": 414,
    "name": "クウェート",
    "short_name": "クウェート",
    "english_name": "Kuwait",
    "group_name": "中東",
    "official_lang": null,
    "suzerain_state": null,
    "religion": null,
    "people": null,
    "capital": "クウェート",
    "2letters": "KW",
    "3letters": "KWT",
    "region_cd": 1
  },
  {
    "cd": 417,
    "name": "キルギス",
    "short_name": "キルギス",
    "english_name": "Kyrgyzstan",
    "group_name": "中央アジア",
    "official_lang": null,
    "suzerain_state": null,
    "religion": null,
    "people": null,
    "capital": "ビシュケク",
    "2letters": "KG",
    "3letters": "KGZ",
    "region_cd": 1
  },
  {
    "cd": 418,
    "name": "ラオス人民民主共和国",
    "short_name": "ラオス",
    "english_name": "Lao People's Democratic Republic",
    "group_name": "東南アジア",
    "official_lang": null,
    "suzerain_state": null,
    "religion": null,
    "people": null,
    "capital": "ビエンチャン",
    "2letters": "LA",
    "3letters": "LAO",
    "region_cd": 1
  },
  {
    "cd": 422,
    "name": "レバノン",
    "short_name": "レバノン",
    "english_name": "Lebanon",
    "group_name": "中東",
    "official_lang": null,
    "suzerain_state": null,
    "religion": null,
    "people": null,
    "capital": "ベイルート",
    "2letters": "LB",
    "3letters": "LBN",
    "region_cd": 1
  },
  {
    "cd": 426,
    "name": "レソト",
    "short_name": "レソト",
    "english_name": "Lesotho",
    "group_name": "南アフリカ",
    "official_lang": null,
    "suzerain_state": null,
    "religion": null,
    "people": null,
    "capital": "マセル",
    "2letters": "LS",
    "3letters": "LSO",
    "region_cd": 3
  },
  {
    "cd": 428,
    "name": "ラトビア",
    "short_name": "ラトビア",
    "english_name": "Latvia",
    "group_name": "東ヨーロッパ",
    "official_lang": null,
    "suzerain_state": null,
    "religion": null,
    "people": null,
    "capital": "リガ",
    "2letters": "LV",
    "3letters": "LVA",
    "region_cd": 2
  },
  {
    "cd": 430,
    "name": "リベリア",
    "short_name": "リベリア",
    "english_name": "Liberia",
    "group_name": "西アフリカ",
    "official_lang": "英語",
    "suzerain_state": "（なし）",
    "religion": null,
    "people": null,
    "capital": "モンロビア",
    "2letters": "LR",
    "3letters": "LBR",
    "region_cd": 3
  },
  {
    "cd": 434,
    "name": "リビア",
    "short_name": "リビア",
    "english_name": "Libya",
    "group_name": "北アフリカ",
    "official_lang": "アラビア語",
    "suzerain_state": "イタリア",
    "religion": "イスラーム（スンニ派）",
    "people": null,
    "capital": "トリポリ",
    "2letters": "LY",
    "3letters": "LBY",
    "region_cd": 3
  },
  {
    "cd": 438,
    "name": "リヒテンシュタイン",
    "short_name": "リヒテンシュタイン",
    "english_name": "Liechtenstein",
    "group_name": "西ヨーロッパ",
    "official_lang": null,
    "suzerain_state": null,
    "religion": null,
    "people": null,
    "capital": "ファドーツ",
    "2letters": "LI",
    "3letters": "LIE",
    "region_cd": 2
  },
  {
    "cd": 440,
    "name": "リトアニア",
    "short_name": "リトアニア",
    "english_name": "Lithuania",
    "group_name": "東ヨーロッパ",
    "official_lang": null,
    "suzerain_state": null,
    "religion": null,
    "people": null,
    "capital": "ビリニュス",
    "2letters": "LT",
    "3letters": "LTU",
    "region_cd": 2
  },
  {
    "cd": 442,
    "name": "ルクセンブルク",
    "short_name": "ルクセンブルク",
    "english_name": "Luxembourg",
    "group_name": "西ヨーロッパ",
    "official_lang": null,
    "suzerain_state": null,
    "religion": null,
    "people": null,
    "capital": "ルクセンブルク",
    "2letters": "LU",
    "3letters": "LUX",
    "region_cd": 2
  },
  {
    "cd": 446,
    "name": "マカオ",
    "short_name": "マカオ",
    "english_name": "Macao",
    "group_name": "東アジア",
    "official_lang": null,
    "suzerain_state": null,
    "religion": null,
    "people": null,
    "capital": null,
    "2letters": "MO",
    "3letters": "MAC",
    "region_cd": 1
  },
  {
    "cd": 450,
    "name": "マダガスカル",
    "short_name": "マダガスカル",
    "english_name": "Madagascar",
    "group_name": "インド洋地域",
    "official_lang": "フランス語",
    "suzerain_state": "フランス",
    "religion": "キリスト教",
    "people": "マレー系",
    "capital": "アンタナナリボ",
    "2letters": "MG",
    "3letters": "MDG",
    "region_cd": 3
  },
  {
    "cd": 454,
    "name": "マラウイ",
    "short_name": "マラウイ",
    "english_name": "Malawi",
    "group_name": "南アフリカ",
    "official_lang": null,
    "suzerain_state": null,
    "religion": null,
    "people": null,
    "capital": "リロングウェ",
    "2letters": "MW",
    "3letters": "MWI",
    "region_cd": 3
  },
  {
    "cd": 458,
    "name": "マレーシア",
    "short_name": "マレーシア",
    "english_name": "Malaysia",
    "group_name": "東南アジア",
    "official_lang": "マレー語",
    "suzerain_state": "イギリス",
    "religion": "イスラーム",
    "people": "マレー系・中国系・インド系",
    "capital": "クアラルンプール",
    "2letters": "MY",
    "3letters": "MYS",
    "region_cd": 1
  },
  {
    "cd": 462,
    "name": "モルディブ",
    "short_name": "モルディブ",
    "english_name": "Maldives",
    "group_name": "インド洋地域",
    "official_lang": null,
    "suzerain_state": null,
    "religion": null,
    "people": null,
    "capital": "マレ",
    "2letters": "MV",
    "3letters": "MDV",
    "region_cd": 1
  },
  {
    "cd": 466,
    "name": "マリ",
    "short_name": "マリ",
    "english_name": "Mali",
    "group_name": "西アフリカ",
    "official_lang": null,
    "suzerain_state": null,
    "religion": null,
    "people": null,
    "capital": "バマコ",
    "2letters": "ML",
    "3letters": "MLI",
    "region_cd": 3
  },
  {
    "cd": 470,
    "name": "マルタ",
    "short_name": "マルタ",
    "english_name": "Malta",
    "group_name": "地中海地域",
    "official_lang": null,
    "suzerain_state": null,
    "religion": null,
    "people": null,
    "capital": "バレッタ",
    "2letters": "MT",
    "3letters": "MLT",
    "region_cd": 2
  },
  {
    "cd": 474,
    "name": "マルティニーク",
    "short_name": "マルティニーク",
    "english_name": "Martinique",
    "group_name": "中央アメリカ",
    "official_lang": null,
    "suzerain_state": null,
    "religion": null,
    "people": null,
    "capital": null,
    "2letters": "MQ",
    "3letters": "MTQ",
    "region_cd": 5
  },
  {
    "cd": 478,
    "name": "モーリタニア",
    "short_name": "モーリタニア",
    "english_name": "Mauritania",
    "group_name": "西アフリカ",
    "official_lang": null,
    "suzerain_state": null,
    "religion": null,
    "people": null,
    "capital": "ヌアクショット",
    "2letters": "MR",
    "3letters": "MRT",
    "region_cd": 3
  },
  {
    "cd": 480,
    "name": "モーリシャス",
    "short_name": "モーリシャス",
    "english_name": "Mauritius",
    "group_name": "南アフリカ",
    "official_lang": null,
    "suzerain_state": null,
    "religion": null,
    "people": null,
    "capital": "ポートルイス",
    "2letters": "MU",
    "3letters": "MUS",
    "region_cd": 3
  },
  {
    "cd": 484,
    "name": "メキシコ",
    "short_name": "メキシコ",
    "english_name": "Mexico",
    "group_name": "中央アメリカ",
    "official_lang": "スペイン語",
    "suzerain_state": "スペイン",
    "religion": "キリスト教（カトリック）",
    "people": "メスチーソ、先住民",
    "capital": "メキシコシティ",
    "2letters": "MX",
    "3letters": "MEX",
    "region_cd": 5
  },
  {
    "cd": 492,
    "name": "モナコ",
    "short_name": "モナコ",
    "english_name": "Monaco",
    "group_name": "西ヨーロッパ",
    "official_lang": null,
    "suzerain_state": null,
    "religion": null,
    "people": null,
    "capital": "モナコ",
    "2letters": "MC",
    "3letters": "MCO",
    "region_cd": 2
  },
  {
    "cd": 496,
    "name": "モンゴル",
    "short_name": "モンゴル",
    "english_name": "Mongolia",
    "group_name": "東アジア",
    "official_lang": null,
    "suzerain_state": null,
    "religion": null,
    "people": null,
    "capital": "ウランバートル",
    "2letters": "MN",
    "3letters": "MNG",
    "region_cd": 1
  },
  {
    "cd": 498,
    "name": "モルドバ共和国",
    "short_name": "モルドバ",
    "english_name": "Moldova, Republic of",
    "group_name": "東ヨーロッパ",
    "official_lang": null,
    "suzerain_state": null,
    "religion": null,
    "people": null,
    "capital": "キシナウ",
    "2letters": "MD",
    "3letters": "MDA",
    "region_cd": 2
  },
  {
    "cd": 499,
    "name": "モンテネグロ",
    "short_name": "モンテネグロ",
    "english_name": "Montenegro",
    "group_name": "東ヨーロッパ",
    "official_lang": null,
    "suzerain_state": null,
    "religion": null,
    "people": null,
    "capital": "ポドゴリツァ",
    "2letters": "ME",
    "3letters": "MNE",
    "region_cd": 2
  },
  {
    "cd": 500,
    "name": "モントセラト",
    "short_name": "モントセラト",
    "english_name": "Montserrat",
    "group_name": "中央アメリカ",
    "official_lang": null,
    "suzerain_state": null,
    "religion": null,
    "people": null,
    "capital": null,
    "2letters": "MS",
    "3letters": "MSR",
    "region_cd": 5
  },
  {
    "cd": 504,
    "name": "モロッコ",
    "short_name": "モロッコ",
    "english_name": "Morocco",
    "group_name": "北アフリカ",
    "official_lang": "アラビア語",
    "suzerain_state": "フランス",
    "religion": "イスラーム（スンニ派）",
    "people": null,
    "capital": "ラバト",
    "2letters": "MA",
    "3letters": "MAR",
    "region_cd": 3
  },
  {
    "cd": 508,
    "name": "モザンビーク",
    "short_name": "モザンビーク",
    "english_name": "Mozambique",
    "group_name": "南アフリカ",
    "official_lang": null,
    "suzerain_state": null,
    "religion": null,
    "people": null,
    "capital": "マプト",
    "2letters": "MZ",
    "3letters": "MOZ",
    "region_cd": 3
  },
  {
    "cd": 512,
    "name": "オマーン",
    "short_name": "オマーン",
    "english_name": "Oman",
    "group_name": "中東",
    "official_lang": null,
    "suzerain_state": null,
    "religion": null,
    "people": null,
    "capital": "マスカット",
    "2letters": "OM",
    "3letters": "OMN",
    "region_cd": 1
  },
  {
    "cd": 516,
    "name": "ナミビア",
    "short_name": "ナミビア",
    "english_name": "Namibia",
    "group_name": "南アフリカ",
    "official_lang": null,
    "suzerain_state": null,
    "religion": null,
    "people": null,
    "capital": "ウィントフック",
    "2letters": "NA",
    "3letters": "NAM",
    "region_cd": 3
  },
  {
    "cd": 520,
    "name": "ナウル",
    "short_name": "ナウル",
    "english_name": "Nauru",
    "group_name": "オセアニア",
    "official_lang": null,
    "suzerain_state": null,
    "religion": null,
    "people": null,
    "capital": "ヤレン",
    "2letters": "NR",
    "3letters": "NRU",
    "region_cd": 7
  },
  {
    "cd": 524,
    "name": "ネパール",
    "short_name": "ネパール",
    "english_name": "Nepal",
    "group_name": "南アジア",
    "official_lang": null,
    "suzerain_state": null,
    "religion": null,
    "people": null,
    "capital": "カトマンズ",
    "2letters": "NP",
    "3letters": "NPL",
    "region_cd": 1
  },
  {
    "cd": 528,
    "name": "オランダ",
    "short_name": "オランダ",
    "english_name": "Netherlands",
    "group_name": "西ヨーロッパ",
    "official_lang": "オランダ語",
    "suzerain_state": null,
    "religion": "キリスト教（プロテスタント）",
    "people": "ゲルマン系",
    "capital": "アムステルダム",
    "2letters": "NL",
    "3letters": "NLD",
    "region_cd": 2
  },
  {
    "cd": 531,
    "name": "キュラソー",
    "short_name": "キュラソー",
    "english_name": "Curaçao",
    "group_name": "中央アメリカ",
    "official_lang": null,
    "suzerain_state": null,
    "religion": null,
    "people": null,
    "capital": null,
    "2letters": "CW",
    "3letters": "CUW",
    "region_cd": 5
  },
  {
    "cd": 533,
    "name": "アルバ",
    "short_name": "アルバ",
    "english_name": "Aruba",
    "group_name": "中央アメリカ",
    "official_lang": null,
    "suzerain_state": null,
    "religion": null,
    "people": null,
    "capital": null,
    "2letters": "AW",
    "3letters": "ABW",
    "region_cd": 5
  },
  {
    "cd": 534,
    "name": "シント・マールテン（オランダ領）",
    "short_name": "シント・マールテン（オランダ領）",
    "english_name": "Sint Maarten (Dutch part)",
    "group_name": "中央アメリカ",
    "official_lang": null,
    "suzerain_state": null,
    "religion": null,
    "people": null,
    "capital": null,
    "2letters": "SX",
    "3letters": "SXM",
    "region_cd": 5
  },
  {
    "cd": 535,
    "name": "ボネール、シント・ユースタティウスおよびサバ",
    "short_name": "ボネール、シント・ユースタティウスおよび",
    "english_name": "Bonaire, Sint Eustatius and Saba",
    "group_name": "中央アメリカ",
    "official_lang": null,
    "suzerain_state": null,
    "religion": null,
    "people": null,
    "capital": null,
    "2letters": "BQ",
    "3letters": "BES",
    "region_cd": 5
  },
  {
    "cd": 540,
    "name": "ニューカレドニア",
    "short_name": "ニューカレドニア",
    "english_name": "New Caledonia",
    "group_name": "オセアニア",
    "official_lang": null,
    "suzerain_state": null,
    "religion": null,
    "people": null,
    "capital": null,
    "2letters": "NC",
    "3letters": "NCL",
    "region_cd": 7
  },
  {
    "cd": 548,
    "name": "バヌアツ",
    "short_name": "バヌアツ",
    "english_name": "Vanuatu",
    "group_name": "オセアニア",
    "official_lang": null,
    "suzerain_state": null,
    "religion": null,
    "people": null,
    "capital": "ポートビラ",
    "2letters": "VU",
    "3letters": "VUT",
    "region_cd": 7
  },
  {
    "cd": 554,
    "name": "ニュージーランド",
    "short_name": "ニュージーランド",
    "english_name": "New Zealand",
    "group_name": "オセアニア",
    "official_lang": "英語・マオリ語",
    "suzerain_state": null,
    "religion": "キリスト教",
    "people": null,
    "capital": "ウェリントン",
    "2letters": "NZ",
    "3letters": "NZL",
    "region_cd": 7
  },
  {
    "cd": 558,
    "name": "ニカラグア",
    "short_name": "ニカラグア",
    "english_name": "Nicaragua",
    "group_name": "中央アメリカ",
    "official_lang": null,
    "suzerain_state": null,
    "religion": null,
    "people": null,
    "capital": "マナグア",
    "2letters": "NI",
    "3letters": "NIC",
    "region_cd": 5
  },
  {
    "cd": 562,
    "name": "ニジェール",
    "short_name": "ニジェール",
    "english_name": "Niger",
    "group_name": "中央アフリカ",
    "official_lang": null,
    "suzerain_state": null,
    "religion": null,
    "people": null,
    "capital": "ニアメ",
    "2letters": "NE",
    "3letters": "NER",
    "region_cd": 3
  },
  {
    "cd": 566,
    "name": "ナイジェリア",
    "short_name": "ナイジェリア",
    "english_name": "Nigeria",
    "group_name": "中央アフリカ",
    "official_lang": "英語",
    "suzerain_state": "イギリス",
    "religion": "北部：イスラーム、南部：キリスト教",
    "people": null,
    "capital": "アブジャ",
    "2letters": "NG",
    "3letters": "NGA",
    "region_cd": 3
  },
  {
    "cd": 570,
    "name": "ニウエ",
    "short_name": "ニウエ",
    "english_name": "Niue",
    "group_name": "オセアニア",
    "official_lang": null,
    "suzerain_state": null,
    "religion": null,
    "people": null,
    "capital": "アロフィ",
    "2letters": "NU",
    "3letters": "NIU",
    "region_cd": 7
  },
  {
    "cd": 574,
    "name": "ノーフォーク島",
    "short_name": "ノーフォーク島",
    "english_name": "Norfolk Island",
    "group_name": "オセアニア",
    "official_lang": null,
    "suzerain_state": null,
    "religion": null,
    "people": null,
    "capital": null,
    "2letters": "NF",
    "3letters": "NFK",
    "region_cd": 7
  },
  {
    "cd": 578,
    "name": "ノルウェー",
    "short_name": "ノルウェー",
    "english_name": "Norway",
    "group_name": "北ヨーロッパ",
    "official_lang": "ノルウェー語",
    "suzerain_state": null,
    "religion": "キリスト教（プロテスタント）",
    "people": "ゲルマン系",
    "capital": "オスロ",
    "2letters": "NO",
    "3letters": "NOR",
    "region_cd": 2
  },
  {
    "cd": 580,
    "name": "北マリアナ諸島",
    "short_name": "北マリアナ諸島",
    "english_name": "Northern Mariana Islands",
    "group_name": "オセアニア",
    "official_lang": null,
    "suzerain_state": null,
    "religion": null,
    "people": null,
    "capital": null,
    "2letters": "MP",
    "3letters": "MNP",
    "region_cd": 7
  },
  {
    "cd": 581,
    "name": "合衆国領有小離島",
    "short_name": "合衆国領有小離島",
    "english_name": "United States Minor Outlying Islands",
    "group_name": "オセアニア",
    "official_lang": null,
    "suzerain_state": null,
    "religion": null,
    "people": null,
    "capital": null,
    "2letters": "UM",
    "3letters": "UMI",
    "region_cd": 0
  },
  {
    "cd": 583,
    "name": "ミクロネシア連邦",
    "short_name": "ミクロネシア連邦",
    "english_name": "Micronesia (Federated States of)",
    "group_name": "オセアニア",
    "official_lang": null,
    "suzerain_state": null,
    "religion": null,
    "people": null,
    "capital": "パリキール",
    "2letters": "FM",
    "3letters": "FSM",
    "region_cd": 7
  },
  {
    "cd": 584,
    "name": "マーシャル諸島",
    "short_name": "マーシャル諸島",
    "english_name": "Marshall Islands",
    "group_name": "オセアニア",
    "official_lang": null,
    "suzerain_state": null,
    "religion": null,
    "people": null,
    "capital": "マジュロ",
    "2letters": "MH",
    "3letters": "MHL",
    "region_cd": 7
  },
  {
    "cd": 585,
    "name": "パラオ",
    "short_name": "パラオ",
    "english_name": "Palau",
    "group_name": "オセアニア",
    "official_lang": null,
    "suzerain_state": null,
    "religion": null,
    "people": null,
    "capital": "マルキョク",
    "2letters": "PW",
    "3letters": "PLW",
    "region_cd": 7
  },
  {
    "cd": 586,
    "name": "パキスタン",
    "short_name": "パキスタン",
    "english_name": "Pakistan",
    "group_name": "南アジア",
    "official_lang": "ウルドゥー語",
    "suzerain_state": "イギリス",
    "religion": "イスラーム",
    "people": null,
    "capital": "イスラマバード",
    "2letters": "PK",
    "3letters": "PAK",
    "region_cd": 1
  },
  {
    "cd": 591,
    "name": "パナマ",
    "short_name": "パナマ",
    "english_name": "Panama",
    "group_name": "中央アメリカ",
    "official_lang": null,
    "suzerain_state": null,
    "religion": null,
    "people": null,
    "capital": "パナマシティ",
    "2letters": "PA",
    "3letters": "PAN",
    "region_cd": 5
  },
  {
    "cd": 598,
    "name": "パプアニューギニア",
    "short_name": "パプアニューギニア",
    "english_name": "Papua New Guinea",
    "group_name": "オセアニア",
    "official_lang": null,
    "suzerain_state": null,
    "religion": null,
    "people": null,
    "capital": "ポートモレスビー",
    "2letters": "PG",
    "3letters": "PNG",
    "region_cd": 7
  },
  {
    "cd": 600,
    "name": "パラグアイ",
    "short_name": "パラグアイ",
    "english_name": "Paraguay",
    "group_name": "南アメリカ",
    "official_lang": null,
    "suzerain_state": null,
    "religion": null,
    "people": null,
    "capital": "アスンシオン",
    "2letters": "PY",
    "3letters": "PRY",
    "region_cd": 6
  },
  {
    "cd": 604,
    "name": "ペルー",
    "short_name": "ペルー",
    "english_name": "Peru",
    "group_name": "南アメリカ",
    "official_lang": "スペイン語、先住民の諸言語（ケチュア語など）",
    "suzerain_state": "スペイン",
    "religion": "キリスト教（カトリック）",
    "people": "メスチーソ、先住民",
    "capital": "リマ",
    "2letters": "PE",
    "3letters": "PER",
    "region_cd": 6
  },
  {
    "cd": 608,
    "name": "フィリピン",
    "short_name": "フィリピン",
    "english_name": "Philippines",
    "group_name": "東南アジア",
    "official_lang": "フィリピノ語、英語",
    "suzerain_state": "アメリカ(～18c末、スペイン)",
    "religion": "キリスト教(カトリック)",
    "people": null,
    "capital": "マニラ",
    "2letters": "PH",
    "3letters": "PHL",
    "region_cd": 1
  },
  {
    "cd": 612,
    "name": "ピトケアン",
    "short_name": "ピトケアン",
    "english_name": "Pitcairn",
    "group_name": "オセアニア",
    "official_lang": null,
    "suzerain_state": null,
    "religion": null,
    "people": null,
    "capital": null,
    "2letters": "PN",
    "3letters": "PCN",
    "region_cd": 7
  },
  {
    "cd": 616,
    "name": "ポーランド",
    "short_name": "ポーランド",
    "english_name": "Poland",
    "group_name": "東ヨ[ロッパ",
    "official_lang": "ポーランド語",
    "suzerain_state": null,
    "religion": "キリスト教（カトリック）",
    "people": "スラブ系",
    "capital": "ワルシャワ",
    "2letters": "PL",
    "3letters": "POL",
    "region_cd": 2
  },
  {
    "cd": 620,
    "name": "ポルトガル",
    "short_name": "ポルトガル",
    "english_name": "Portugal",
    "group_name": "西ヨーロッパ",
    "official_lang": null,
    "suzerain_state": null,
    "religion": null,
    "people": null,
    "capital": "リスボン",
    "2letters": "PT",
    "3letters": "PRT",
    "region_cd": 2
  },
  {
    "cd": 624,
    "name": "ギニアビサウ",
    "short_name": "ギニアビサウ",
    "english_name": "Guinea-Bissau",
    "group_name": "西アフリカ",
    "official_lang": null,
    "suzerain_state": null,
    "religion": null,
    "people": null,
    "capital": "ビサウ",
    "2letters": "GW",
    "3letters": "GNB",
    "region_cd": 3
  },
  {
    "cd": 626,
    "name": "東ティモール",
    "short_name": "東ティモール",
    "english_name": "Timor-Leste",
    "group_name": "東南アジア",
    "official_lang": null,
    "suzerain_state": null,
    "religion": null,
    "people": null,
    "capital": "ディリ",
    "2letters": "TL",
    "3letters": "TLS",
    "region_cd": 1
  },
  {
    "cd": 630,
    "name": "プエルトリコ",
    "short_name": "プエルトリコ",
    "english_name": "Puerto Rico",
    "group_name": "中央アメリカ",
    "official_lang": null,
    "suzerain_state": null,
    "religion": null,
    "people": null,
    "capital": null,
    "2letters": "PR",
    "3letters": "PRI",
    "region_cd": 5
  },
  {
    "cd": 634,
    "name": "カタール",
    "short_name": "カタール",
    "english_name": "Qatar",
    "group_name": "中東",
    "official_lang": null,
    "suzerain_state": null,
    "religion": null,
    "people": null,
    "capital": "ドーハ",
    "2letters": "QA",
    "3letters": "QAT",
    "region_cd": 1
  },
  {
    "cd": 638,
    "name": "レユニオン",
    "short_name": "レユニオン",
    "english_name": "Réunion",
    "group_name": "インド洋地域",
    "official_lang": null,
    "suzerain_state": null,
    "religion": null,
    "people": null,
    "capital": null,
    "2letters": "RE",
    "3letters": "REU",
    "region_cd": 3
  },
  {
    "cd": 642,
    "name": "ルーマニア",
    "short_name": "ルーマニア",
    "english_name": "Romania",
    "group_name": "東ヨーロッパ",
    "official_lang": "ルーマニア語",
    "suzerain_state": null,
    "religion": "キリスト教（東方正教）",
    "people": "ラテン系",
    "capital": "ブカレスト",
    "2letters": "RO",
    "3letters": "ROU",
    "region_cd": 2
  },
  {
    "cd": 643,
    "name": "ロシア連邦",
    "short_name": "ロシア",
    "english_name": "Russian Federation",
    "group_name": "ロシア",
    "official_lang": null,
    "suzerain_state": null,
    "religion": null,
    "people": null,
    "capital": "モスクワ",
    "2letters": "RU",
    "3letters": "RUS",
    "region_cd": 2
  },
  {
    "cd": 646,
    "name": "ルワンダ",
    "short_name": "ルワンダ",
    "english_name": "Rwanda",
    "group_name": "中央アフリカ",
    "official_lang": null,
    "suzerain_state": null,
    "religion": null,
    "people": null,
    "capital": "キガリ",
    "2letters": "RW",
    "3letters": "RWA",
    "region_cd": 3
  },
  {
    "cd": 652,
    "name": "サン・バルテルミー",
    "short_name": "サン・バルテルミー",
    "english_name": "Saint Barthélemy",
    "group_name": "中央アメリカ",
    "official_lang": null,
    "suzerain_state": null,
    "religion": null,
    "people": null,
    "capital": null,
    "2letters": "BL",
    "3letters": "BLM",
    "region_cd": 0
  },
  {
    "cd": 654,
    "name": "セントヘレナ・アセンションおよびトリスタンダクーニャ",
    "short_name": "セントヘレナ・アセンションおよびトリスタ",
    "english_name": "Saint Helena, Ascension and Tristan da Cunha",
    "group_name": "西アフリカ",
    "official_lang": null,
    "suzerain_state": null,
    "religion": null,
    "people": null,
    "capital": null,
    "2letters": "SH",
    "3letters": "SHN",
    "region_cd": 0
  },
  {
    "cd": 659,
    "name": "セントクリストファー・ネイビス",
    "short_name": "セントクリストファー・ネイビス",
    "english_name": "Saint Kitts and Nevis",
    "group_name": "中央アメリカ",
    "official_lang": null,
    "suzerain_state": null,
    "religion": null,
    "people": null,
    "capital": "バセテール",
    "2letters": "KN",
    "3letters": "KNA",
    "region_cd": 0
  },
  {
    "cd": 660,
    "name": "アンギラ",
    "short_name": "アンギラ",
    "english_name": "Anguilla",
    "group_name": "中央アメリカ",
    "official_lang": null,
    "suzerain_state": null,
    "religion": null,
    "people": null,
    "capital": null,
    "2letters": "AI",
    "3letters": "AIA",
    "region_cd": 5
  },
  {
    "cd": 662,
    "name": "セントルシア",
    "short_name": "セントルシア",
    "english_name": "Saint Lucia",
    "group_name": "中央アメリカ",
    "official_lang": null,
    "suzerain_state": null,
    "religion": null,
    "people": null,
    "capital": "カストリーズ",
    "2letters": "LC",
    "3letters": "LCA",
    "region_cd": 5
  },
  {
    "cd": 663,
    "name": "サン・マルタン（フランス領）",
    "short_name": "サン・マルタン（フランス領）",
    "english_name": "Saint Martin (French part)",
    "group_name": "中央アメリカ",
    "official_lang": null,
    "suzerain_state": null,
    "religion": null,
    "people": null,
    "capital": null,
    "2letters": "MF",
    "3letters": "MAF",
    "region_cd": 5
  },
  {
    "cd": 666,
    "name": "サンピエール島・ミクロン島",
    "short_name": "サンピエール島・ミクロン島",
    "english_name": "Saint Pierre and Miquelon",
    "group_name": "北アメリカ",
    "official_lang": null,
    "suzerain_state": null,
    "religion": null,
    "people": null,
    "capital": null,
    "2letters": "PM",
    "3letters": "SPM",
    "region_cd": 0
  },
  {
    "cd": 670,
    "name": "セントビンセントおよびグレナディーン諸島",
    "short_name": "セントビンセントおよびグレナディーン諸島",
    "english_name": "Saint Vincent and the Grenadines",
    "group_name": "中央アメリカ",
    "official_lang": null,
    "suzerain_state": null,
    "religion": null,
    "people": null,
    "capital": "キングスタウン",
    "2letters": "VC",
    "3letters": "VCT",
    "region_cd": 5
  },
  {
    "cd": 674,
    "name": "サンマリノ",
    "short_name": "サンマリノ",
    "english_name": "San Marino",
    "group_name": "西ヨーロッパ",
    "official_lang": null,
    "suzerain_state": null,
    "religion": null,
    "people": null,
    "capital": "サンマリノ",
    "2letters": "SM",
    "3letters": "SMR",
    "region_cd": 2
  },
  {
    "cd": 678,
    "name": "サントメ・プリンシペ",
    "short_name": "サントメ・プリンシペ",
    "english_name": "Sao Tome and Principe",
    "group_name": "中央アフリカ",
    "official_lang": null,
    "suzerain_state": null,
    "religion": null,
    "people": null,
    "capital": "サントメ",
    "2letters": "ST",
    "3letters": "STP",
    "region_cd": 3
  },
  {
    "cd": 682,
    "name": "サウジアラビア",
    "short_name": "サウジアラビア",
    "english_name": "Saudi Arabia",
    "group_name": "中東",
    "official_lang": "アラビア語",
    "suzerain_state": null,
    "religion": "イスラーム（スン二派）",
    "people": null,
    "capital": "リヤド",
    "2letters": "SA",
    "3letters": "SAU",
    "region_cd": 1
  },
  {
    "cd": 686,
    "name": "セネガル",
    "short_name": "セネガル",
    "english_name": "Senegal",
    "group_name": "西アフリカ",
    "official_lang": null,
    "suzerain_state": null,
    "religion": null,
    "people": null,
    "capital": "ダカール",
    "2letters": "SN",
    "3letters": "SEN",
    "region_cd": 3
  },
  {
    "cd": 688,
    "name": "セルビア",
    "short_name": "セルビア",
    "english_name": "Serbia",
    "group_name": "東ヨーロッパ",
    "official_lang": null,
    "suzerain_state": null,
    "religion": null,
    "people": null,
    "capital": "ベオグラード",
    "2letters": "RS",
    "3letters": "SRB",
    "region_cd": 2
  },
  {
    "cd": 690,
    "name": "セーシェル",
    "short_name": "セーシェル",
    "english_name": "Seychelles",
    "group_name": "インド洋地域",
    "official_lang": null,
    "suzerain_state": null,
    "religion": null,
    "people": null,
    "capital": "ビクトリア",
    "2letters": "SC",
    "3letters": "SYC",
    "region_cd": 3
  },
  {
    "cd": 694,
    "name": "シエラレオネ",
    "short_name": "シエラレオネ",
    "english_name": "Sierra Leone",
    "group_name": "西アフリカ",
    "official_lang": null,
    "suzerain_state": null,
    "religion": null,
    "people": null,
    "capital": "フリータウン",
    "2letters": "SL",
    "3letters": "SLE",
    "region_cd": 3
  },
  {
    "cd": 702,
    "name": "シンガポール",
    "short_name": "シンガポール",
    "english_name": "Singapore",
    "group_name": "東南アジア",
    "official_lang": "中国語・マレー語・タミル語・英語",
    "suzerain_state": "マレーシアから分離",
    "religion": "イスラーム",
    "people": "中国系・マレー系・インド系",
    "capital": "シンガポール",
    "2letters": "SG",
    "3letters": "SGP",
    "region_cd": 1
  },
  {
    "cd": 703,
    "name": "スロバキア",
    "short_name": "スロバキア",
    "english_name": "Slovakia",
    "group_name": "東ヨーロッパ",
    "official_lang": null,
    "suzerain_state": null,
    "religion": null,
    "people": null,
    "capital": "ブラチスラバ",
    "2letters": "SK",
    "3letters": "SVK",
    "region_cd": 2
  },
  {
    "cd": 704,
    "name": "ベトナム",
    "short_name": "ベトナム",
    "english_name": "Viet Nam",
    "group_name": "東南アジア",
    "official_lang": "ベトナム語",
    "suzerain_state": "フランス",
    "religion": "仏教(大乗仏教)",
    "people": null,
    "capital": "ハノイ",
    "2letters": "VN",
    "3letters": "VNM",
    "region_cd": 1
  },
  {
    "cd": 705,
    "name": "スロベニア",
    "short_name": "スロベニア",
    "english_name": "Slovenia",
    "group_name": "東ヨーロッパ",
    "official_lang": null,
    "suzerain_state": null,
    "religion": null,
    "people": null,
    "capital": "リュブリャナ",
    "2letters": "SI",
    "3letters": "SVN",
    "region_cd": 2
  },
  {
    "cd": 706,
    "name": "ソマリア",
    "short_name": "ソマリア",
    "english_name": "Somalia",
    "group_name": "東アフリカ",
    "official_lang": null,
    "suzerain_state": null,
    "religion": null,
    "people": null,
    "capital": "モガディシオ",
    "2letters": "SO",
    "3letters": "SOM",
    "region_cd": 3
  },
  {
    "cd": 710,
    "name": "南アフリカ共和国",
    "short_name": "南アフリカ",
    "english_name": "South Africa",
    "group_name": "南アフリカ",
    "official_lang": "英語・アフリカーンス語・バンツー諸語",
    "suzerain_state": "イギリス（第二次世界大戦前に独立）",
    "religion": "キリスト教",
    "people": null,
    "capital": "プレトリア（ツワネ）",
    "2letters": "ZA",
    "3letters": "ZAF",
    "region_cd": 3
  },
  {
    "cd": 716,
    "name": "ジンバブエ",
    "short_name": "ジンバブエ",
    "english_name": "Zimbabwe",
    "group_name": "南アフリカ",
    "official_lang": null,
    "suzerain_state": null,
    "religion": null,
    "people": null,
    "capital": "ハラレ",
    "2letters": "ZW",
    "3letters": "ZWE",
    "region_cd": 3
  },
  {
    "cd": 724,
    "name": "スペイン",
    "short_name": "スペイン",
    "english_name": "Spain",
    "group_name": "西ヨーロッパ",
    "official_lang": "スペイン語",
    "suzerain_state": null,
    "religion": "キリスト教（カトリック）",
    "people": "ラテン系",
    "capital": "マドリード",
    "2letters": "ES",
    "3letters": "ESP",
    "region_cd": 2
  },
  {
    "cd": 728,
    "name": "南スーダン",
    "short_name": "南スーダン",
    "english_name": "South Sudan",
    "group_name": "東アフリカ",
    "official_lang": null,
    "suzerain_state": null,
    "religion": null,
    "people": null,
    "capital": "ジュバ",
    "2letters": "SS",
    "3letters": "SSD",
    "region_cd": 3
  },
  {
    "cd": 729,
    "name": "スーダン",
    "short_name": "スーダン",
    "english_name": "Sudan",
    "group_name": "東アフリカ",
    "official_lang": null,
    "suzerain_state": null,
    "religion": null,
    "people": null,
    "capital": "ハルツーム",
    "2letters": "SD",
    "3letters": "SDN",
    "region_cd": 3
  },
  {
    "cd": 732,
    "name": "西サハラ",
    "short_name": "西サハラ",
    "english_name": "Western Sahara",
    "group_name": "西アフリカ",
    "official_lang": null,
    "suzerain_state": null,
    "religion": null,
    "people": null,
    "capital": null,
    "2letters": "EH",
    "3letters": "ESH",
    "region_cd": 3
  },
  {
    "cd": 740,
    "name": "スリナム",
    "short_name": "スリナム",
    "english_name": "Suriname",
    "group_name": "南アメリカ",
    "official_lang": null,
    "suzerain_state": null,
    "religion": null,
    "people": null,
    "capital": "パラマリボ",
    "2letters": "SR",
    "3letters": "SUR",
    "region_cd": 6
  },
  {
    "cd": 744,
    "name": "スヴァールバル諸島およびヤンマイエン島",
    "short_name": "スヴァールバル諸島およびヤンマイエン島",
    "english_name": "Svalbard and Jan Mayen",
    "group_name": "北ヨーロッパ",
    "official_lang": null,
    "suzerain_state": null,
    "religion": null,
    "people": null,
    "capital": null,
    "2letters": "SJ",
    "3letters": "SJM",
    "region_cd": 2
  },
  {
    "cd": 748,
    "name": "エスワティニ",
    "short_name": "エスワティニ",
    "english_name": "Eswatini",
    "group_name": "南アフリカ",
    "official_lang": null,
    "suzerain_state": null,
    "religion": null,
    "people": null,
    "capital": "ムババーネ",
    "2letters": "SZ",
    "3letters": "SWZ",
    "region_cd": 3
  },
  {
    "cd": 752,
    "name": "スウェーデン",
    "short_name": "スウェーデン",
    "english_name": "Sweden",
    "group_name": "北ヨーロッパ",
    "official_lang": "スウェーデン語",
    "suzerain_state": null,
    "religion": "キリスト教（プロテスタント）",
    "people": "ゲルマン系",
    "capital": "ストックホルム",
    "2letters": "SE",
    "3letters": "SWE",
    "region_cd": 2
  },
  {
    "cd": 756,
    "name": "スイス",
    "short_name": "スイス",
    "english_name": "Switzerland",
    "group_name": "西ヨーロッパ",
    "official_lang": "ドイツ語・フランス語・イタリア語・ロマンシュ語",
    "suzerain_state": null,
    "religion": "キリスト教（カトリック・プロテスタント）",
    "people": null,
    "capital": "ベルン",
    "2letters": "CH",
    "3letters": "CHE",
    "region_cd": 2
  },
  {
    "cd": 760,
    "name": "シリア",
    "short_name": "シリア",
    "english_name": "Syrian Arab Republic",
    "group_name": "中東",
    "official_lang": null,
    "suzerain_state": null,
    "religion": null,
    "people": null,
    "capital": "ダマスカス",
    "2letters": "SY",
    "3letters": "SYR",
    "region_cd": 1
  },
  {
    "cd": 762,
    "name": "タジキスタン",
    "short_name": "タジキスタン",
    "english_name": "Tajikistan",
    "group_name": "中央アジア",
    "official_lang": null,
    "suzerain_state": null,
    "religion": null,
    "people": null,
    "capital": "ドゥシャンベ",
    "2letters": "TJ",
    "3letters": "TJK",
    "region_cd": 1
  },
  {
    "cd": 764,
    "name": "タイ",
    "short_name": "タイ",
    "english_name": "Thailand",
    "group_name": "東南アジア",
    "official_lang": "タイ語",
    "suzerain_state": "なし(独立を維持)",
    "religion": "上座仏教(小乗仏教)",
    "people": null,
    "capital": "バンコク",
    "2letters": "TH",
    "3letters": "THA",
    "region_cd": 1
  },
  {
    "cd": 768,
    "name": "トーゴ",
    "short_name": "トーゴ",
    "english_name": "Togo",
    "group_name": "西アフリカ",
    "official_lang": null,
    "suzerain_state": null,
    "religion": null,
    "people": null,
    "capital": "ロメ",
    "2letters": "TG",
    "3letters": "TGO",
    "region_cd": 3
  },
  {
    "cd": 772,
    "name": "トケラウ",
    "short_name": "トケラウ",
    "english_name": "Tokelau",
    "group_name": "オセアニア",
    "official_lang": null,
    "suzerain_state": null,
    "religion": null,
    "people": null,
    "capital": null,
    "2letters": "TK",
    "3letters": "TKL",
    "region_cd": 7
  },
  {
    "cd": 776,
    "name": "トンガ",
    "short_name": "トンガ",
    "english_name": "Tonga",
    "group_name": "オセアニア",
    "official_lang": null,
    "suzerain_state": null,
    "religion": null,
    "people": null,
    "capital": "ヌクアロファ",
    "2letters": "TO",
    "3letters": "TON",
    "region_cd": 7
  },
  {
    "cd": 780,
    "name": "トリニダード･トバゴ",
    "short_name": "トリニダード･トバゴ",
    "english_name": "Trinidad and Tobago",
    "group_name": "中央アメリカ",
    "official_lang": null,
    "suzerain_state": null,
    "religion": null,
    "people": null,
    "capital": "ポートオブスペイン",
    "2letters": "TT",
    "3letters": "TTO",
    "region_cd": 5
  },
  {
    "cd": 784,
    "name": "アラブ首長国連邦",
    "short_name": "アラブ首長国連邦",
    "english_name": "United Arab Emirates",
    "group_name": "中東",
    "official_lang": null,
    "suzerain_state": null,
    "religion": null,
    "people": null,
    "capital": "アブダビ",
    "2letters": "AE",
    "3letters": "ARE",
    "region_cd": 1
  },
  {
    "cd": 788,
    "name": "チュニジア",
    "short_name": "チュニジア",
    "english_name": "Tunisia",
    "group_name": "北アフリカ",
    "official_lang": "アラビア語",
    "suzerain_state": "フランス",
    "religion": "イスラーム（スンニ派）",
    "people": null,
    "capital": "チュニス",
    "2letters": "TN",
    "3letters": "TUN",
    "region_cd": 3
  },
  {
    "cd": 792,
    "name": "トルコ",
    "short_name": "トルコ",
    "english_name": "Türkiye",
    "group_name": "中東",
    "official_lang": null,
    "suzerain_state": null,
    "religion": null,
    "people": null,
    "capital": "アンカラ",
    "2letters": "TR",
    "3letters": "TUR",
    "region_cd": 1
  },
  {
    "cd": 795,
    "name": "トルクメニスタン",
    "short_name": "トルクメニスタン",
    "english_name": "Turkmenistan",
    "group_name": "中央アジア",
    "official_lang": null,
    "suzerain_state": null,
    "religion": null,
    "people": null,
    "capital": "アシガバット",
    "2letters": "TM",
    "3letters": "TKM",
    "region_cd": 1
  },
  {
    "cd": 796,
    "name": "タークス・カイコス諸島",
    "short_name": "タークス・カイコス諸島",
    "english_name": "Turks and Caicos Islands",
    "group_name": "中央アメリカ",
    "official_lang": null,
    "suzerain_state": null,
    "religion": null,
    "people": null,
    "capital": null,
    "2letters": "TC",
    "3letters": "TCA",
    "region_cd": 5
  },
  {
    "cd": 798,
    "name": "ツバル",
    "short_name": "ツバル",
    "english_name": "Tuvalu",
    "group_name": "オセアニア",
    "official_lang": null,
    "suzerain_state": null,
    "religion": null,
    "people": null,
    "capital": "フナフティ",
    "2letters": "TV",
    "3letters": "TUV",
    "region_cd": 7
  },
  {
    "cd": 800,
    "name": "ウガンダ",
    "short_name": "ウガンダ",
    "english_name": "Uganda",
    "group_name": "中央アフリカ",
    "official_lang": null,
    "suzerain_state": null,
    "religion": null,
    "people": null,
    "capital": "カンパラ",
    "2letters": "UG",
    "3letters": "UGA",
    "region_cd": 3
  },
  {
    "cd": 804,
    "name": "ウクライナ",
    "short_name": "ウクライナ",
    "english_name": "Ukraine",
    "group_name": "東ヨーロッパ",
    "official_lang": "ウクライナ語",
    "suzerain_state": null,
    "religion": "キリスト教（東方正教）",
    "people": "スラブ系",
    "capital": "キーウ（キエフ）",
    "2letters": "UA",
    "3letters": "UKR",
    "region_cd": 2
  },
  {
    "cd": 807,
    "name": "マケドニア旧ユーゴスラビア共和国",
    "short_name": "北マケドニア",
    "english_name": "North Macedonia",
    "group_name": "東ヨーロッパ",
    "official_lang": null,
    "suzerain_state": null,
    "religion": null,
    "people": null,
    "capital": "スコピエ",
    "2letters": "MK",
    "3letters": "MKD",
    "region_cd": 2
  },
  {
    "cd": 818,
    "name": "エジプト",
    "short_name": "エジプト",
    "english_name": "Egypt",
    "group_name": "北アフリカ",
    "official_lang": "アラビア語",
    "suzerain_state": null,
    "religion": "イスラーム（スンニ派）",
    "people": null,
    "capital": "カイロ",
    "2letters": "EG",
    "3letters": "EGY",
    "region_cd": 3
  },
  {
    "cd": 826,
    "name": "イギリス",
    "short_name": "イギリス",
    "english_name": "United Kingdom of Great Britain and Northern Irela",
    "group_name": "西ヨーロッパ",
    "official_lang": null,
    "suzerain_state": null,
    "religion": "キリスト教（プロテスタント）",
    "people": "ゲルマン系",
    "capital": "ロンドン",
    "2letters": "GB",
    "3letters": "GBR",
    "region_cd": 2
  },
  {
    "cd": 831,
    "name": "ガーンジー",
    "short_name": "ガーンジー",
    "english_name": "Guernsey",
    "group_name": "西ヨーロッパ",
    "official_lang": null,
    "suzerain_state": null,
    "religion": null,
    "people": null,
    "capital": null,
    "2letters": "GG",
    "3letters": "GGY",
    "region_cd": 2
  },
  {
    "cd": 832,
    "name": "ジャージー",
    "short_name": "ジャージー",
    "english_name": "Jersey",
    "group_name": "西ヨーロッパ",
    "official_lang": null,
    "suzerain_state": null,
    "religion": null,
    "people": null,
    "capital": null,
    "2letters": "JE",
    "3letters": "JEY",
    "region_cd": 2
  },
  {
    "cd": 833,
    "name": "マン島",
    "short_name": "マン島",
    "english_name": "Isle of Man",
    "group_name": "西ヨーロッパ",
    "official_lang": null,
    "suzerain_state": null,
    "religion": null,
    "people": null,
    "capital": null,
    "2letters": "IM",
    "3letters": "IMN",
    "region_cd": 2
  },
  {
    "cd": 834,
    "name": "タンザニア",
    "short_name": "タンザニア",
    "english_name": "Tanzania, United Republic of",
    "group_name": "東アフリカ",
    "official_lang": null,
    "suzerain_state": null,
    "religion": null,
    "people": null,
    "capital": "ドドマ",
    "2letters": "TZ",
    "3letters": "TZA",
    "region_cd": 3
  },
  {
    "cd": 840,
    "name": "アメリカ合衆国",
    "short_name": "アメリカ",
    "english_name": "United States of America",
    "group_name": "北アメリカ",
    "official_lang": "英語",
    "suzerain_state": null,
    "religion": "キリスト教",
    "people": null,
    "capital": "ワシントンD.C.",
    "2letters": "US",
    "3letters": "USA",
    "region_cd": 4
  },
  {
    "cd": 850,
    "name": "アメリカ領ヴァージン諸島",
    "short_name": "アメリカ領ヴァージン諸島",
    "english_name": "Virgin Islands (U.S.)",
    "group_name": "中央アメリカ",
    "official_lang": null,
    "suzerain_state": null,
    "religion": null,
    "people": null,
    "capital": null,
    "2letters": "VI",
    "3letters": "VIR",
    "region_cd": 5
  },
  {
    "cd": 854,
    "name": "ブルキナファソ",
    "short_name": "ブルキナファソ",
    "english_name": "Burkina Faso",
    "group_name": "西アフリカ",
    "official_lang": null,
    "suzerain_state": null,
    "religion": null,
    "people": null,
    "capital": "ワガドゥグー",
    "2letters": "BF",
    "3letters": "BFA",
    "region_cd": 3
  },
  {
    "cd": 858,
    "name": "ウルグアイ",
    "short_name": "ウルグアイ",
    "english_name": "Uruguay",
    "group_name": "南アメリカ",
    "official_lang": null,
    "suzerain_state": null,
    "religion": null,
    "people": null,
    "capital": "モンテビデオ",
    "2letters": "UY",
    "3letters": "URY",
    "region_cd": 6
  },
  {
    "cd": 860,
    "name": "ウズベキスタン",
    "short_name": "ウズベキスタン",
    "english_name": "Uzbekistan",
    "group_name": "中央アジア",
    "official_lang": "ウズベク語",
    "suzerain_state": null,
    "religion": "イスラーム（スンニ派）",
    "people": null,
    "capital": "タシケント",
    "2letters": "UZ",
    "3letters": "UZB",
    "region_cd": 1
  },
  {
    "cd": 862,
    "name": "ベネズエラ・ボリバル共和国",
    "short_name": "ベネズエラ",
    "english_name": "Venezuela (Bolivarian Republic of)",
    "group_name": "南アメリカ",
    "official_lang": "スペイン語",
    "suzerain_state": "スペイン",
    "religion": "キリスト教（カトリック）",
    "people": null,
    "capital": "カラカス",
    "2letters": "VE",
    "3letters": "VEN",
    "region_cd": 6
  },
  {
    "cd": 876,
    "name": "ウォリス・フツナ",
    "short_name": "ウォリス・フツナ",
    "english_name": "Wallis and Futuna",
    "group_name": "オセアニア",
    "official_lang": null,
    "suzerain_state": null,
    "religion": null,
    "people": null,
    "capital": null,
    "2letters": "WF",
    "3letters": "WLF",
    "region_cd": 7
  },
  {
    "cd": 882,
    "name": "サモア",
    "short_name": "サモア",
    "english_name": "Samoa",
    "group_name": "オセアニア",
    "official_lang": null,
    "suzerain_state": null,
    "religion": null,
    "people": null,
    "capital": "アピア",
    "2letters": "WS",
    "3letters": "WSM",
    "region_cd": 7
  },
  {
    "cd": 887,
    "name": "イエメン",
    "short_name": "イエメン",
    "english_name": "Yemen",
    "group_name": "中東",
    "official_lang": null,
    "suzerain_state": null,
    "religion": null,
    "people": null,
    "capital": "サヌア",
    "2letters": "YE",
    "3letters": "YEM",
    "region_cd": 1
  },
  {
    "cd": 894,
    "name": "ザンビア",
    "short_name": "ザンビア",
    "english_name": "Zambia",
    "group_name": "南アフリカ",
    "official_lang": null,
    "suzerain_state": null,
    "religion": null,
    "people": null,
    "capital": "ルサカ",
    "2letters": "ZM",
    "3letters": "ZMB",
    "region_cd": 3
  },
  {
    "cd": 999,
    "name": "世界計",
    "short_name": "世界計",
    "english_name": "World",
    "group_name": "世界",
    "official_lang": null,
    "suzerain_state": null,
    "religion": null,
    "people": null,
    "capital": null,
    "2letters": null,
    "3letters": null,
    "region_cd": 99
  }
]