[
  {
    "cd": 0,
    "name": "全国",
    "short_name": "全国",
    "prefectural_capital": "なし"
  },
  {
    "cd": 1,
    "name": "北海道",
    "short_name": "北海道",
    "prefectural_capital": "札幌市"
  },
  {
    "cd": 2,
    "name": "青森県",
    "short_name": "青森",
    "prefectural_capital": "青森市"
  },
  {
    "cd": 3,
    "name": "岩手県",
    "short_name": "岩手",
    "prefectural_capital": "盛岡市"
  },
  {
    "cd": 4,
    "name": "宮城県",
    "short_name": "宮城",
    "prefectural_capital": "仙台市"
  },
  {
    "cd": 5,
    "name": "秋田県",
    "short_name": "秋田",
    "prefectural_capital": "秋田市"
  },
  {
    "cd": 6,
    "name": "山形県",
    "short_name": "山形",
    "prefectural_capital": "山形市"
  },
  {
    "cd": 7,
    "name": "福島県",
    "short_name": "福島",
    "prefectural_capital": "福島市"
  },
  {
    "cd": 8,
    "name": "茨城県",
    "short_name": "茨城",
    "prefectural_capital": "水戸市"
  },
  {
    "cd": 9,
    "name": "栃木県",
    "short_name": "栃木",
    "prefectural_capital": "宇都宮市"
  },
  {
    "cd": 10,
    "name": "群馬県",
    "short_name": "群馬",
    "prefectural_capital": "前橋市"
  },
  {
    "cd": 11,
    "name": "埼玉県",
    "short_name": "埼玉",
    "prefectural_capital": "さいたま市"
  },
  {
    "cd": 12,
    "name": "千葉県",
    "short_name": "千葉",
    "prefectural_capital": "千葉市"
  },
  {
    "cd": 13,
    "name": "東京都",
    "short_name": "東京",
    "prefectural_capital": "新宿区"
  },
  {
    "cd": 14,
    "name": "神奈川県",
    "short_name": "神奈川",
    "prefectural_capital": "横浜市"
  },
  {
    "cd": 15,
    "name": "新潟県",
    "short_name": "新潟",
    "prefectural_capital": "新潟市"
  },
  {
    "cd": 16,
    "name": "富山県",
    "short_name": "富山",
    "prefectural_capital": "富山市"
  },
  {
    "cd": 17,
    "name": "石川県",
    "short_name": "石川",
    "prefectural_capital": "金沢市"
  },
  {
    "cd": 18,
    "name": "福井県",
    "short_name": "福井",
    "prefectural_capital": "福井市"
  },
  {
    "cd": 19,
    "name": "山梨県",
    "short_name": "山梨",
    "prefectural_capital": "甲府市"
  },
  {
    "cd": 20,
    "name": "長野県",
    "short_name": "長野",
    "prefectural_capital": "長野市"
  },
  {
    "cd": 21,
    "name": "岐阜県",
    "short_name": "岐阜",
    "prefectural_capital": "岐阜市"
  },
  {
    "cd": 22,
    "name": "静岡県",
    "short_name": "静岡",
    "prefectural_capital": "静岡市"
  },
  {
    "cd": 23,
    "name": "愛知県",
    "short_name": "愛知",
    "prefectural_capital": "名古屋市"
  },
  {
    "cd": 24,
    "name": "三重県",
    "short_name": "三重",
    "prefectural_capital": "津市"
  },
  {
    "cd": 25,
    "name": "滋賀県",
    "short_name": "滋賀",
    "prefectural_capital": "大津市"
  },
  {
    "cd": 26,
    "name": "京都府",
    "short_name": "京都",
    "prefectural_capital": "京都市"
  },
  {
    "cd": 27,
    "name": "大阪府",
    "short_name": "大阪",
    "prefectural_capital": "大阪市"
  },
  {
    "cd": 28,
    "name": "兵庫県",
    "short_name": "兵庫",
    "prefectural_capital": "神戸市"
  },
  {
    "cd": 29,
    "name": "奈良県",
    "short_name": "奈良",
    "prefectural_capital": "奈良市"
  },
  {
    "cd": 30,
    "name": "和歌山県",
    "short_name": "和歌山",
    "prefectural_capital": "和歌山市"
  },
  {
    "cd": 31,
    "name": "鳥取県",
    "short_name": "鳥取",
    "prefectural_capital": "鳥取市"
  },
  {
    "cd": 32,
    "name": "島根県",
    "short_name": "島根",
    "prefectural_capital": "松江市"
  },
  {
    "cd": 33,
    "name": "岡山県",
    "short_name": "岡山",
    "prefectural_capital": "岡山市"
  },
  {
    "cd": 34,
    "name": "広島県",
    "short_name": "広島",
    "prefectural_capital": "広島市"
  },
  {
    "cd": 35,
    "name": "山口県",
    "short_name": "山口",
    "prefectural_capital": "山口市"
  },
  {
    "cd": 36,
    "name": "徳島県",
    "short_name": "徳島",
    "prefectural_capital": "徳島市"
  },
  {
    "cd": 37,
    "name": "香川県",
    "short_name": "香川",
    "prefectural_capital": "高松市"
  },
  {
    "cd": 38,
    "name": "愛媛県",
    "short_name": "愛媛",
    "prefectural_capital": "松山市"
  },
  {
    "cd": 39,
    "name": "高知県",
    "short_name": "高知",
    "prefectural_capital": "高知市"
  },
  {
    "cd": 40,
    "name": "福岡県",
    "short_name": "福岡",
    "prefectural_capital": "福岡市"
  },
  {
    "cd": 41,
    "name": "佐賀県",
    "short_name": "佐賀",
    "prefectural_capital": "佐賀市"
  },
  {
    "cd": 42,
    "name": "長崎県",
    "short_name": "長崎",
    "prefectural_capital": "長崎市"
  },
  {
    "cd": 43,
    "name": "熊本県",
    "short_name": "熊本",
    "prefectural_capital": "熊本市"
  },
  {
    "cd": 44,
    "name": "大分県",
    "short_name": "大分",
    "prefectural_capital": "大分市"
  },
  {
    "cd": 45,
    "name": "宮崎県",
    "short_name": "宮崎",
    "prefectural_capital": "宮崎市"
  },
  {
    "cd": 46,
    "name": "鹿児島県",
    "short_name": "鹿児島",
    "prefectural_capital": "鹿児島市"
  },
  {
    "cd": 47,
    "name": "沖縄県",
    "short_name": "沖縄",
    "prefectural_capital": "那覇市"
  }
]